external_key,platform,product_sku,product_name
13 128GB สีดำ,TIKTOK,IP13256,APPLE IPHONE 13 128 GB
13 128GB สีดำ //\\,TIKTOK,IP13256,APPLE IPHONE 13 128 GB
13 128GB สีสตาร์ไลท์,TIKTOK,IP13256,APPLE IPHONE 13 128 GB
13 128GB สีสตาร์ไลท์ //\\,TIKTOK,IP13256,APPLE IPHONE 13 128 GB
15 Plus 256GB สีดำ,TIKTOK,IP15PL256,APPLE IPHONE 15 PLUS 256 GB
16 Pro Black 128GB Activated (ประกันเดิน),TIKTOK,IP16P128,APPLE IPHONE 16 PRO 128 GB
16 Pro Black 256GB No Activated (ประกันเต็มปี),TIKTOK,IP16P256,APPLE IPHONE 16 PRO 256 GB
16 Pro Desert 128GB Activated (ประกันเดิน),TIKTOK,IP16P128,APPLE IPHONE 16 PRO 128 GB
16 Pro Desert 256GB Activated (ประกันเดิน),TIKTOK,IP16P256,APPLE IPHONE 16 PRO 256 GB
16 Pro Desert 256GB No Activated (ประกันเต็มปี),TIKTOK,IP16P256,APPLE IPHONE 16 PRO 256 GB
16 ProMax Black 512GB Activated (ประกันเดิน),TIKTOK,IP16PM512,APPLE IPHONE 16 PRO MAX 512 GB
16 ProMax Desert 512GB Activated (ประกันเดิน),TIKTOK,IP16PM512,APPLE IPHONE 16 PRO MAX 512 GB
16 ProMax Natural 512GB Activated (ประกันเดิน),TIKTOK,IP16PM512,APPLE IPHONE 16 PRO MAX 512 GB
16 Pro Natural 128GB Activated (ประกันเดิน),TIKTOK,IP16P128,APPLE IPHONE 16 PRO 128 GB
16 Pro Natural 256GB Activated (ประกันเดิน),TIKTOK,IP16P256,APPLE IPHONE 16 PRO 256 GB
16 Pro Natural 256GB No Activated (ประกันเต็มปี),TIKTOK,IP16P256,APPLE IPHONE 16 PRO 256 GB
16 Pro White 256GB No Activated (ประกันเต็มปี),TIKTOK,IP16P256,APPLE IPHONE 16 PRO 256 GB
หูฟังมีสาย EarPod Lightning (มีกล่อง),TIKTOK,EP001,APPLE EARPODS
หูฟังมีสาย EarPod USB-C (มีกล่อง),TIKTOK,EPC001,APPLE EARPODS USB-C
Adapter 20W กล่อง ขากลม,TIKTOK,AD20WC,APPLE ADAPTER 20W USB-C
Airpods4 ธรรมดา,TIKTOK,AP4,APPLE AIRPODS 4
Airpods4 ธรรมดา Nook,TIKTOK,AP4,APPLE AIRPODS 4
Airpods4 ธรรมดา Pim,TIKTOK,AP4,APPLE AIRPODS 4
Airpods4 Noise Cancellation,TIKTOK,APA4,APPLE AIRPODS 4 ANC
Airpods4 Noise Cancellation Nook,TIKTOK,APA4,APPLE AIRPODS 4 ANC
Airpods Pro 2 USB-C,TIKTOK,APP2,APPLE AIRPODS PRO 2
Airpods Pro 2 USB-C ประกันเดิน,TIKTOK,APP2,APPLE AIRPODS PRO 2
Airpods Pro 2 USB-C ประกันเต็ม,TIKTOK,APP2,APPLE AIRPODS PRO 2
Airpods Pro 2 USB-C ประกันเต็มปี,TIKTOK,APP2,APPLE AIRPODS PRO 2
Honor Magic 7 Pro Black,TIKTOK,HM7P12512,HONOR MAGIC 7 PRO 12/512
Honor Smartwatch Watch4 Black,TIKTOK,HNW4001,HONOR WATCH 4
Honor X6b 6/128GB Forest Green/,TIKTOK,HX6B6128,HONOR X6B 6/128GB
Honor X6b 6/128GB Forest Green,TIKTOK,HX6B6128,HONOR X6B 6/128GB
HONOR X6b 6/128GB Forest Green,TIKTOK,HX6B6128,HONOR X6B 6/128GB
Honor X6b 6/128GB Midnight Black,TIKTOK,HX6B6128,HONOR X6B 6/128GB
Honor X6b 6/128GB Midnight Black,TIKTOK,HX6B6128,HONOR X6B 6/128GB
Honor X6b 6/128GB Midnight Black/,TIKTOK,HX6B6128,HONOR X6B 6/128GB
HONOR X6b 6/128GB Midnight Black,TIKTOK,HX6B6128,HONOR X6B 6/128GB
Honor X9c 5G 12/256GB Jade Cyan,TIKTOK,HX9C12256,HONOR X9C 12/256 GB
Honor X9c 5G 12/256GB Jade Cyan/,TIKTOK,HX9C12256,HONOR X9C 12/256 GB
Honor X9c 5G 12/256GB Jade Cyan.,TIKTOK,HX9C12256,HONOR X9C 12/256 GB
Honor X9c 5G 12/256GB Jade Cyan./,TIKTOK,HX9C12256,HONOR X9C 12/256 GB
Honor X9c 5G 12/256GB Titanium Black,TIKTOK,HX9C12256,HONOR X9C 12/256 GB
Honor X9c 5G 12/256GB Titanium Black.,TIKTOK,HX9C12256,HONOR X9C 12/256 GB
Honor X9c 5G 12/256GB Titanium Black/,TIKTOK,HX9C12256,HONOR X9C 12/256 GB
Honor X9c 5G 12/256GB Titanium Purple,TIKTOK,HX9C12256,HONOR X9C 12/256 GB
Honor X9c 5G 12/256GB Titanium Purple.,TIKTOK,HX9C12256,HONOR X9C 12/256 GB
Hot 50 Sleek Black Infinix Hot 50 8/256GB,TIKTOK,IH508256,INFINIX HOT50 8/256 GB
Hot 50 Sleek Black Infinix Hot 50i 4/256GB,TIKTOK,IH50I4256,INFINIX HOT50I 4/256 GB
Hot 50 Titanium Gray Infinix Hot 50 8/256GB,TIKTOK,IH508256,INFINIX HOT50 8/256 GB
Infinix GT 20 Pro 12/256GB สีบลู,TIKTOK,ISGT20P512256,INFINIX GT 20 PRO 5G 12/256
Infinix GT 20 Pro 12/256GB สีส้ม,TIKTOK,ISGT20P512256,INFINIX GT 20 PRO 5G 12/256
Infinix Hot 50 8/256GB สีเขียว,TIKTOK,IH508256,INFINIX HOT50 8/256 GB
Infinix Hot 50i 4/256GB สีดำ,TIKTOK,IH50I4256,INFINIX HOT50I 4/256 GB
Infinix Note 50 Pro+ 5G 12/256GB สีม่วง.,TIKTOK,IH50P8256,INFINIX HOT50 PRO 8/256 GB
Infinix Note 50 Pro+ 5G 12/256GB สีเรซซิ่ง,TIKTOK,IH50P8256,INFINIX HOT50 PRO 8/256 GB
Infinix Smart 9 3/128GB เขียวมิ้น,TIKTOK,IS3128,INFINIX SMART9 3/128GB
Infinix Smart 9 3/128GB นีโอ ไทเทเนียม,TIKTOK,IS3128,INFINIX SMART9 3/128GB
Infinix Smart 9 3/128GB เมทาลิค แบล็ก,TIKTOK,IS3128,INFINIX SMART9 3/128GB
Infinix Smart 9 3/64GB นีโอ ไทเทเนียม,TIKTOK,IS9364,INFINIX SMART9 3/64GB
Infinix Smart 9 3/64GB เมทาลิค แบล็ก,TIKTOK,IS9364,INFINIX SMART9 3/64GB
Infinix Smart 9 Metallic Black 3/64GB,TIKTOK,IS9364,INFINIX SMART9 3/64GB
Infinix SMART9 Metallic Black 3/64GB,TIKTOK,IS9364,INFINIX SMART9 3/64GB
Infinix Smart 9 Metallic Black 3/64GB,TIKTOK,IS9364,INFINIX SMART9 3/64GB
Infinix Smart 9 Neo Titanium 3/64GB,TIKTOK,IS9364,INFINIX SMART9 3/64GB
Infinix SMART9 Neo Titanium 3/64GB,TIKTOK,IS9364,INFINIX SMART9 3/64GB
iPad 10 256GB Wi-Fi สีเงิน,TIKTOK,IPDG10W256,APPLE IPAD (10TH GENERATION) WIFI 256 GB
iPad 10 256GB Wi-Fi สีชมพู,TIKTOK,IPDG10W256,APPLE IPAD (10TH GENERATION) WIFI 256 GB
iPad 10 256GB Wi-Fi สีบลู,TIKTOK,IPDG10W256,APPLE IPAD (10TH GENERATION) WIFI 256 GB
iPad 10 64GB Cellular สีเงิน,TIKTOK,IPDG10C64,APPLE IPAD (10TH GENERATION) WIFI+CELLULAR 64 GB
iPad 10 64GB Cellular สีชมพู,TIKTOK,IPDG10C64,APPLE IPAD (10TH GENERATION) WIFI+CELLULAR 64 GB
iPad 10 64GB Cellular สีบลู,TIKTOK,IPDG10C64,APPLE IPAD (10TH GENERATION) WIFI+CELLULAR 64 GB
iPad 10 64GB Wi-Fi สีเงิน S,TIKTOK,IPDG10W64,APPLE IPAD (10TH GENERATION) WIFI 64 GB
iPad 10 64GB Wi-Fi สีชมพู ราคาพิเศษ,TIKTOK,IPDG10W64,APPLE IPAD (10TH GENERATION) WIFI 64 GB
iPad 10 64GB Wi-Fi สีชมพู S,TIKTOK,IPDG10W64,APPLE IPAD (10TH GENERATION) WIFI 64 GB
iPad 10 64GB Wi-Fi สีบลู,TIKTOK,IPDG10W64,APPLE IPAD (10TH GENERATION) WIFI 64 GB
iPad 10 64GB Wi-Fi สีบลู S,TIKTOK,IPDG10W64,APPLE IPAD (10TH GENERATION) WIFI 64 GB
iPad 10 64GB Wi-Fi สีเหลือง S,TIKTOK,IPDG10W64,APPLE IPAD (10TH GENERATION) WIFI 64 GB
iPad A16 Gen 11 Wi-Fi+Cellular 128GB สีเงิน,TIKTOK,IPDG11C128,APPLE IPAD (11TH GENERATION) WIFI+CELLULAR 128 GB
iPad A16 Gen 11 Wi-Fi+Cellular 128GB สีชมพู,TIKTOK,IPDG11C128,APPLE IPAD (11TH GENERATION) WIFI+CELLULAR 128 GB
iPad A16 Gen 11 Wi-Fi+Cellular 128GB สีบลู,TIKTOK,IPDG11C128,APPLE IPAD (11TH GENERATION) WIFI+CELLULAR 128 GB
iPad A16 Gen 11 Wi-Fi+Cellular 256GB สีเงิน,TIKTOK,IPDG11C256,APPLE IPAD (11TH GENERATION) WIFI+CELLULAR 256 GB
iPad A16 Gen 11 Wi-Fi+Cellular 256GB สีชมพู,TIKTOK,IPDG11C256,APPLE IPAD (11TH GENERATION) WIFI+CELLULAR 256 GB
iPad A16 Gen 11 Wi-Fi 128GB สีเงิน,TIKTOK,IPDG11W128,APPLE IPAD (11TH GENERATION) WIFI 128 GB
iPad A16 Gen 11 Wi-Fi 128GB สีชมพู,TIKTOK,IPDG11W128,APPLE IPAD (11TH GENERATION) WIFI 128 GB
iPad A16 Gen 11 Wi-Fi 128GB สีบลู,TIKTOK,IPDG11W128,APPLE IPAD (11TH GENERATION) WIFI 128 GB
iPad A16 Gen 11 Wi-Fi 128GB สีเหลือง,TIKTOK,IPDG11W128,APPLE IPAD (11TH GENERATION) WIFI 128 GB
iPad A16 Gen 11 Wi-Fi 256GB สีเงิน,TIKTOK,IPDG11W256,APPLE IPAD (11TH GENERATION) WIFI 256 GB
iPad A16 Gen 11 Wi-Fi 256GB สีชมพู,TIKTOK,IPDG11W256,APPLE IPAD (11TH GENERATION) WIFI 256 GB
iPad A16 Gen 11 Wi-Fi 256GB สีบลู,TIKTOK,IPDG11W256,APPLE IPAD (11TH GENERATION) WIFI 256 GB
iPad A16 Gen 11 Wi-Fi 256GB สีเหลือง,TIKTOK,IPDG11W256,APPLE IPAD (11TH GENERATION) WIFI 256 GB
iPad A16 Gen 11 Wi-Fi 512GB สีเงิน,TIKTOK,IPDG11W512,APPLE IPAD (11TH GENERATION) WIFI 512 GB
iPad A16 Gen 11 Wi-Fi 512GB สีชมพู,TIKTOK,IPDG11W512,APPLE IPAD (11TH GENERATION) WIFI 512 GB
iPad A16 Gen 11 Wi-Fi Blue 256GB,TIKTOK,IPDG11W256,APPLE IPAD (11TH GENERATION) WIFI 256 GB
iPad A16 Gen 11 Wi-Fi Pink 256GB,TIKTOK,IPDG11W256,APPLE IPAD (11TH GENERATION) WIFI 256 GB
iPad A16 Gen 11 Wi-Fi Silver 256GB,TIKTOK,IPDG11W256,APPLE IPAD (11TH GENERATION) WIFI 256 GB
iPad A16 Gen 11 Wi-Fi Yellow 256GB,TIKTOK,IPDG11W256,APPLE IPAD (11TH GENERATION) WIFI 256 GB
iPad AIR 5 64GB WiFi สีขาว,TIKTOK,IPDA5W64,APPLE IPAD AIR 5 WIFI 64 GB
iPad AIR 5 64GB WiFi สีขาว Activated,TIKTOK,IPDA5W64,APPLE IPAD AIR 5 WIFI 64 GB
iPad AIR 5 64GB WiFi สีชมพู,TIKTOK,IPDA5W64,APPLE IPAD AIR 5 WIFI 64 GB
iPad AIR 5 64GB WiFi สีดำ,TIKTOK,IPDA5W64,APPLE IPAD AIR 5 WIFI 64 GB
iPad AIR 5 64GB WiFi สีดำ Activated,TIKTOK,IPDA5W64,APPLE IPAD AIR 5 WIFI 64 GB
iPad AIR 5 64GB WiFi สีบลู,TIKTOK,IPDA5W64,APPLE IPAD AIR 5 WIFI 64 GB
iPad AIR 5 64GB WiFi สีบลู Activated,TIKTOK,IPDA5W64,APPLE IPAD AIR 5 WIFI 64 GB
iPad AIR 5 64GB WiFi สีม่วง,TIKTOK,IPDA5W64,APPLE IPAD AIR 5 WIFI 64 GB
"iPad Air 6 11"" 128GB Wi-Fi+Cellular สีดำ",TIKTOK,IPDA611C128,"APPLE IPAD AIR 6 11"" WIFI+CELLULAR 128 GB"
"iPad Air 6 11"" 256GB Wi-Fi สีบลู",TIKTOK,IPDA611W256,"APPLE IPAD AIR 6 11"" WIFI 256 GB"
"iPad Air 6 11"" 512GB Wi-Fi สีบลู",TIKTOK,IPDA611W512,"APPLE IPAD AIR 6 11"" WIFI 512 GB"
"iPad Air 6 11"" 512GB Wi-Fi สีม่วง",TIKTOK,IPDA611W512,"APPLE IPAD AIR 6 11"" WIFI 512 GB"
"iPad Air 6 13"" 128GB Wi-Fi สีดำ",TIKTOK,IPDA613W128,"APPLE IPAD AIR 6 13"" WIFI 128 GB"
"iPad Air 6 13"" 256GB Wi-Fi สีสตาร์ไลท์",TIKTOK,IPDA613W256,"APPLE IPAD AIR 6 13"" WIFI 256 GB"
"iPad Air 7 11"" 128GB Wi-Fi+Cellular สีดำ",TIKTOK,IPDA7M311C128,"APPLE IPAD AIR 7 11"" M3 WIFI+CELLULAR 128 GB"
"iPad Air 7 11"" 256GB Wi-Fi+Cellular สีดำ",TIKTOK,IPDA7M311C256,"APPLE IPAD AIR 7 11"" M3 WIFI+CELLULAR 256 GB"
"iPad Air 7 11"" 256GB Wi-Fi+Cellular สีสตาร์ไลท์",TIKTOK,IPDA7M311C256,"APPLE IPAD AIR 7 11"" M3 WIFI+CELLULAR 256 GB"
"iPad Air 7 Blue 11"" 128GB Wi-Fi",TIKTOK,IPDA7M311W128,"APPLE IPAD AIR 7 11"" M3 WIFI 128 GB"
"iPad Air 7 Blue 11"" 256GB Wi-Fi",TIKTOK,IPDA7M311W256,"APPLE IPAD AIR 7 11"" M3 WIFI 256 GB"
"iPad Air 7 Purple 11"" 128GB Wi-Fi",TIKTOK,IPDA7M311W128,"APPLE IPAD AIR 7 11"" M3 WIFI 128 GB"
"iPad Air 7 Purple 11"" 1 TB Wi-Fi",TIKTOK,IPDA7M311W1T,"APPLE IPAD AIR 7 11"" M3 WIFI 1 TB"
"iPad Air 7 Purple 11"" 256GB Wi-Fi",TIKTOK,IPDA7M311W256,"APPLE IPAD AIR 7 11"" M3 WIFI 256 GB"
"iPad Air 7 Space Gray 11"" 128GB Wi-Fi",TIKTOK,IPDA7M311W128,"APPLE IPAD AIR 7 11"" M3 WIFI 128 GB"
"iPad Air 7 Space Gray 11"" 1 TB Wi-Fi",TIKTOK,IPDA7M311W1T,"APPLE IPAD AIR 7 11"" M3 WIFI 1 TB"
"iPad Air 7 Space Gray 11"" 256GB Wi-Fi",TIKTOK,IPDA7M311W256,"APPLE IPAD AIR 7 11"" M3 WIFI 256 GB"
"iPad Air 7 Starlight 11"" 128GB Wi-Fi",TIKTOK,IPDA7M311W128,"APPLE IPAD AIR 7 11"" M3 WIFI 128 GB"
"iPad Air 7 Starlight 11"" 256GB Wi-Fi",TIKTOK,IPDA7M311W256,"APPLE IPAD AIR 7 11"" M3 WIFI 256 GB"
iPad Gen11 128GB Cell สีเงิน,TIKTOK,IPDG11C128,APPLE IPAD (11TH GENERATION) WIFI+CELLULAR 128 GB
iPad Gen11 128GB Cell สีชมพู,TIKTOK,IPDG11C128,APPLE IPAD (11TH GENERATION) WIFI+CELLULAR 128 GB
iPad GEN 9 256GB WiFi สีเงิน,TIKTOK,IPDG9W256,APPLE IPAD GEN 9 WIFI 256 GB
iPad GEN 9 256GB WiFi สีดำ,TIKTOK,IPDG9W256,APPLE IPAD GEN 9 WIFI 256 GB
iPad GEN 9 64GB Cellular สีเงิน,TIKTOK,IPDG9C64,APPLE IPAD GEN 9 WIFI+CELLULAR 64 GB
iPad GEN 9 64GB WiFi สีเงิน,TIKTOK,IPDG9W64,APPLE IPAD GEN 9 WIFI 64 GB
iPad GEN 9 64GB WiFi สีดำ,TIKTOK,IPDG9W64,APPLE IPAD GEN 9 WIFI 64 GB
iPad mini 7 256GB Cellular สีม่วง,TIKTOK,IPDM7C256,APPLE IPAD MINI 7 WIFI+CELLULAR 256 GB
iPad mini 7 256GB Cellular สีสตาร์ไลท์,TIKTOK,IPDM7C256,APPLE IPAD MINI 7 WIFI+CELLULAR 256 GB
iPad mini 7 256GB WiFi สีดำ,TIKTOK,IPDM7W256,APPLE IPAD MINI 7 WIFI 256 GB
iPad mini 7 256GB WiFi สีบลู,TIKTOK,IPDM7W256,APPLE IPAD MINI 7 WIFI 256 GB
iPad mini 7 256GB WiFi สีม่วง,TIKTOK,IPDM7W256,APPLE IPAD MINI 7 WIFI 256 GB
iPad mini 7 256GB WiFi สีสตาร์ไลท์,TIKTOK,IPDM7W256,APPLE IPAD MINI 7 WIFI 256 GB
"iPad Pro M4 11"" 256GB Wi-Fi สีเงิน",TIKTOK,IPDPM411W256,"APPLE IPAD PRO M4 11"" WIFI 256 GB"
"iPad Pro M4 11"" 256GB Wi-Fi สีดำ",TIKTOK,IPDPM411W256,"APPLE IPAD PRO M4 11"" WIFI 256 GB"
"iPad Pro M4 13"" 256GB Wi-Fi สีเงิน",TIKTOK,IPDPM413W256,"APPLE IPAD PRO M4 13"" WIFI 256 GB"
"iPad Pro M4 13"" 256GB Wi-Fi สีดำ",TIKTOK,IPDPM413W256,"APPLE IPAD PRO M4 13"" WIFI 256 GB"
"iPad Pro M4 13"" 512GB Wi-Fi สีดำ",TIKTOK,IPDPM413W512,"APPLE IPAD PRO M4 13"" WIFI 512 GB"
iPhone 12 64GB สีขาว,TIKTOK,IP1264,APPLE IPHONE 12 64 GB
iPhone 12 64GB สีขาว (ฟรีอัพเกรดความจุเป็น 128GB),TIKTOK,IP1264,APPLE IPHONE 12 64 GB
iPhone 12 64GB สีเขียว,TIKTOK,IP1264,APPLE IPHONE 12 64 GB
iPhone 12 64GB สีเขียว (ฟรีอัพเกรดความจุเป็น 128GB,TIKTOK,IP1264,APPLE IPHONE 12 64 GB
iPhone 12 64GB สีเขียว N,TIKTOK,IP1264,APPLE IPHONE 12 64 GB
iPhone 12 64GB สีดำ,TIKTOK,IP1264,APPLE IPHONE 12 64 GB
iPhone 12 64GB สีดำ (ฟรีอัพเกรดความจุเป็น 128GB),TIKTOK,IP1264,APPLE IPHONE 12 64 GB
iPhone 12 64GB สีดำ N,TIKTOK,IP1264,APPLE IPHONE 12 64 GB
iPhone 12 64GB สีแดง N,TIKTOK,IP1264,APPLE IPHONE 12 64 GB
iPhone 12 64GB สีม่วง,TIKTOK,IP1264,APPLE IPHONE 12 64 GB
iPhone 12 64GB สีม่วง (ฟรีอัพเกรดความจุเป็น 128GB),TIKTOK,IP1264,APPLE IPHONE 12 64 GB
iPhone 12 64GB สีม่วง N,TIKTOK,IP1264,APPLE IPHONE 12 64 GB
iPhone 13 128GB สีดำ,TIKTOK,IP13128,APPLE IPHONE 13 128 GB
iPhone 14 128GB สีดำ 1ปี,TIKTOK,IP14128,APPLE IPHONE 14 128 GB
iPhone 14 128GB สีแดง 1ปี,TIKTOK,IP14128,APPLE IPHONE 14 128 GB
iPhone 14 128GB สีบลู 1ปี,TIKTOK,IP14128,APPLE IPHONE 14 128 GB
iPhone 14 128GB สีม่วง 1ปี,TIKTOK,IP14128,APPLE IPHONE 14 128 GB
iPhone 14 128GB สีสตาร์ไลท์ 1ปี,TIKTOK,IP14128,APPLE IPHONE 14 128 GB
iPhone 14 128GB สีเหลือง 1ปี,TIKTOK,IP14128,APPLE IPHONE 14 128 GB
iPhone 14 Plus 128GB สีดำ,TIKTOK,IP14PL128,APPLE IPHONE 14 PLUS 128 GB
iPhone 14 Plus 128GB สีม่วง,TIKTOK,IP14PL128,APPLE IPHONE 14 PLUS 128 GB
iPhone 15 128GB สีเขียว No Activate,TIKTOK,IP15128,APPLE IPHONE 15 128 GB
iPhone 15 128GB สีชมพู No Activate,TIKTOK,IP15128,APPLE IPHONE 15 128 GB
iPhone 15 128GB สีดำ No Activate,TIKTOK,IP15128,APPLE IPHONE 15 128 GB
iPhone 15 128GB สีบลู No Activate,TIKTOK,IP15128,APPLE IPHONE 15 128 GB
iPhone 15 512GB สีชมพู,TIKTOK,IP15512,APPLE IPHONE 15 512 GB
iPhone 15 Plus 128GB สีเขียว No Activate,TIKTOK,IP15PL128,APPLE IPHONE 15 PLUS 128 GB
iPhone 15 Plus 128GB สีชมพู No Activate,TIKTOK,IP15PL128,APPLE IPHONE 15 PLUS 128 GB
iPhone 15 Plus 128GB สีดำ No Activate,TIKTOK,IP15PL128,APPLE IPHONE 15 PLUS 128 GB
iPhone 15 Plus 128GB สีบลู No Activate,TIKTOK,IP15PL128,APPLE IPHONE 15 PLUS 128 GB
iPhone 15 Plus 512GB สีเขียว No Activate,TIKTOK,IP15PL512,APPLE IPHONE 15 PLUS 512 GB
iPhone 15 Plus 512GB สีเหลือง No Activate,TIKTOK,IP15PL512,APPLE IPHONE 15 PLUS 512 GB
iPhone 15 Pro 128GB สีขาว No Activate,TIKTOK,IP15PR128,APPLE IPHONE 15 PRO 128 GB
iPhone 15 Pro 128GB สีบลู No Activate,TIKTOK,IP15PR128,APPLE IPHONE 15 PRO 128 GB
iPhone 15 Pro 128GB สี Natural No Activate,TIKTOK,IP15PR128,APPLE IPHONE 15 PRO 128 GB
iPhone 15 Pro 256GB สีดำ No Activate,TIKTOK,IP15PR256,APPLE IPHONE 15 PRO 256 GB
iPhone 15 Pro 256GB สีบลู No Activate,TIKTOK,IP15PR256,APPLE IPHONE 15 PRO 256 GB
iPhone 15 Pro 512GB สีขาว No Activate,TIKTOK,IP15PR512,APPLE IPHONE 15 PRO 512 GB
iPhone 15 Pro 512GB สีดำ No Activate,TIKTOK,IP15PR512,APPLE IPHONE 15 PRO 512 GB
iPhone 15 Pro 512GB สีบลู No Activate,TIKTOK,IP15PR512,APPLE IPHONE 15 PRO 512 GB
iPhone 15 Pro 512GB สี Natural No Activate,TIKTOK,IP15PR512,APPLE IPHONE 15 PRO 512 GB
iPhone 15 ProMax 256GB ขาว,TIKTOK,IP15PM256,APPLE IPHONE 15 PRO MAX 256 GB
iPhone 15 ProMax 256GB ดำ,TIKTOK,IP15PM256,APPLE IPHONE 15 PRO MAX 256 GB
iPhone 15 ProMax 256GB บลู,TIKTOK,IP15PM256,APPLE IPHONE 15 PRO MAX 256 GB
iPhone 15 ProMax 256GB สีขาว,TIKTOK,IP15PM256,APPLE IPHONE 15 PRO MAX 256 GB
iPhone 15 ProMax 256GB สีขาว (ฟรีอัพเกรด2เท่า),TIKTOK,IP15PM256,APPLE IPHONE 15 PRO MAX 256 GB
iPhone 15 ProMax 256GB สีดำ,TIKTOK,IP15PM256,APPLE IPHONE 15 PRO MAX 256 GB
iPhone 15 ProMax 256GB สีบลู,TIKTOK,IP15PM256,APPLE IPHONE 15 PRO MAX 256 GB
iPhone 15 ProMax 256GB สีNatural,TIKTOK,IP15PM256,APPLE IPHONE 15 PRO MAX 256 GB
iPhone 15 ProMax 256GB สีNatural (ฟรีอัพเกรด2เท่า),TIKTOK,IP15PM256,APPLE IPHONE 15 PRO MAX 256 GB
iPhone 15 ProMax 512GB บลู Activated,TIKTOK,IP15PM512,APPLE IPHONE 15 PRO MAX 512 GB
iPhone 16 128GB เขียวอมฟ้า NA,TIKTOK,IP16128,APPLE IPHONE 16 128 GB
iPhone 16 128GB น้ำเงินอัลตร้ามารีน NA,TIKTOK,IP16128,APPLE IPHONE 16 128 GB
iPhone 16 128GB สีขาว NA,TIKTOK,IP16128,APPLE IPHONE 16 128 GB
iPhone 16 128GB สีชมพู NA,TIKTOK,IP16128,APPLE IPHONE 16 128 GB
iPhone 16 128GB สีดำ NA,TIKTOK,IP16128,APPLE IPHONE 16 128 GB
iPhone 16 256GB เขียวอมฟ้า NA,TIKTOK,IP16256,APPLE IPHONE 16 256 GB
iPhone 16 256GB น้ำเงินอัลตร้ามารีน Activated,TIKTOK,IP16256,APPLE IPHONE 16 256 GB
iPhone 16 256GB น้ำเงินอัลตร้ามารีน NA,TIKTOK,IP16256,APPLE IPHONE 16 256 GB
iPhone 16 256GB สีขาว NA,TIKTOK,IP16256,APPLE IPHONE 16 256 GB
iPhone 16 256GB สีชมพู NA,TIKTOK,IP16256,APPLE IPHONE 16 256 GB
iPhone 16 256GB สีดำ NA,TIKTOK,IP16256,APPLE IPHONE 16 256 GB
iPhone 16 256GB สีม่วง Activated,TIKTOK,IP16256,APPLE IPHONE 16 256 GB
iPhone 16 512GB เขียวอมฟ้า Activated,TIKTOK,IP16512,APPLE IPHONE 16 512 GB
iPhone 16 512GB เขียวอมฟ้า NA,TIKTOK,IP16512,APPLE IPHONE 16 512 GB
iPhone 16 512GB น้ำเงินอัลตร้ามารีน NA,TIKTOK,IP16512,APPLE IPHONE 16 512 GB
iPhone 16 512GB สีขาว NA,TIKTOK,IP16512,APPLE IPHONE 16 512 GB
iPhone 16 512GB สีดำ NA,TIKTOK,IP16512,APPLE IPHONE 16 512 GB
iPhone 16e สีขาว No Activated (ประกันเต็มปี) 128G,TIKTOK,IP16E128,APPLE IPHONE 16E 128 GB
iPhone 16e สีขาว No Activated (ประกันเต็มปี) 256G,TIKTOK,IP16E256,APPLE IPHONE 16E 256 GB
iPhone 16e สีดำ No Activated (ประกันเต็มปี) 128GB,TIKTOK,IP16E128,APPLE IPHONE 16E 128 GB
iPhone 16e สีดำ No Activated (ประกันเต็มปี) 256GB,TIKTOK,IP16E256,APPLE IPHONE 16E 256 GB
iPhone 16 Pink 512GB,TIKTOK,IP16512,APPLE IPHONE 16 512 GB
iPhone 16 Plus 128GB เขียวอมฟ้า Activated,TIKTOK,IP16PL128,APPLE IPHONE 16 PLUS 128 GB
iPhone 16 Plus 128GB เขียวอมฟ้า No Activated,TIKTOK,IP16PL128,APPLE IPHONE 16 PLUS 128 GB
iPhone 16 Plus 128GB น้ำเงินอัลตร้ามารีน Activated,TIKTOK,IP16PL128,APPLE IPHONE 16 PLUS 128 GB
iPhone 16 Plus 128GB น้ำเงินอัลตร้ามา No Activated,TIKTOK,IP16PL128,APPLE IPHONE 16 PLUS 128 GB
iPhone 16 Plus 128GB สีขาว Activated,TIKTOK,IP16PL128,APPLE IPHONE 16 PLUS 128 GB
iPhone 16 Plus 128GB สีขาว No Activated,TIKTOK,IP16PL128,APPLE IPHONE 16 PLUS 128 GB
iPhone 16 Plus 128GB สีชมพู Activated,TIKTOK,IP16PL128,APPLE IPHONE 16 PLUS 128 GB
iPhone 16 Plus 128GB สีชมพู No Activated,TIKTOK,IP16PL128,APPLE IPHONE 16 PLUS 128 GB
iPhone 16 Plus 128GB สีดำ Activated,TIKTOK,IP16PL128,APPLE IPHONE 16 PLUS 128 GB
iPhone 16 Plus 128GB สีดำ No Activated,TIKTOK,IP16PL128,APPLE IPHONE 16 PLUS 128 GB
iPhone 16 Plus 256GB เขียวอมฟ้า No Activated,TIKTOK,IP16PL256,APPLE IPHONE 16 PLUS 256 GB
iPhone 16 Plus 256GB สีขาว No Activated,TIKTOK,IP16PL256,APPLE IPHONE 16 PLUS 256 GB
iPhone 16 Plus 256GB สีชมพู No Activated,TIKTOK,IP16PL256,APPLE IPHONE 16 PLUS 256 GB
iPhone 16 Plus 256GB สีดำ No Activated,TIKTOK,IP16PL256,APPLE IPHONE 16 PLUS 256 GB
iPhone 16 Plus 512GB เขียวอมฟ้า No Activated,TIKTOK,IP16PL512,APPLE IPHONE 16 PLUS 512 GB
iPhone 16 plus Teal 512GB,TIKTOK,IP16PL512,APPLE IPHONE 16 PLUS 512 GB
iPhone 16 plus Ultramarine 512GB,TIKTOK,IP16PL512,APPLE IPHONE 16 PLUS 512 GB
iPhone 16 plus White 512GB,TIKTOK,IP16PL512,APPLE IPHONE 16 PLUS 512 GB
iPhone 16 Pro 128GB สีขาว Activated,TIKTOK,IP16P128,APPLE IPHONE 16 PRO 128 GB
iPhone 16 Pro 128GB สีขาว No Activated,TIKTOK,IP16P128,APPLE IPHONE 16 PRO 128 GB
iPhone 16 Pro 128GB สีดำ Activated,TIKTOK,IP16P128,APPLE IPHONE 16 PRO 128 GB
iPhone 16 Pro 128GB สีดำ No Activated,TIKTOK,IP16P128,APPLE IPHONE 16 PRO 128 GB
iPhone 16 Pro 128GB สีทราย Activated,TIKTOK,IP16P128,APPLE IPHONE 16 PRO 128 GB
iPhone 16 Pro 128GB สีทราย No Activated,TIKTOK,IP16P128,APPLE IPHONE 16 PRO 128 GB
iPhone 16 Pro 128GB สีธรรมชาติ Activated,TIKTOK,IP16P128,APPLE IPHONE 16 PRO 128 GB
iPhone 16 Pro 128GB สีธรรมชาติ No Activated,TIKTOK,IP16P128,APPLE IPHONE 16 PRO 128 GB
iPhone 16 Pro 256GB สีขาว No Activated,TIKTOK,IP16P256,APPLE IPHONE 16 PRO 256 GB
iPhone 16 Pro 256GB สีดำ Activated,TIKTOK,IP16P256,APPLE IPHONE 16 PRO 256 GB
iPhone 16 Pro 256GB สีดำ No Activated,TIKTOK,IP16P256,APPLE IPHONE 16 PRO 256 GB
iPhone 16 Pro 256GB สีทราย Activated,TIKTOK,IP16P256,APPLE IPHONE 16 PRO 256 GB
iPhone 16 Pro 256GB สีทราย No Activated,TIKTOK,IP16P256,APPLE IPHONE 16 PRO 256 GB
iPhone 16 Pro 256GB สีธรรมชาติ Activated,TIKTOK,IP16P256,APPLE IPHONE 16 PRO 256 GB
iPhone 16 Pro 256GB สีธรรมชาติ No Activated,TIKTOK,IP16P256,APPLE IPHONE 16 PRO 256 GB
iPhone 16 Pro Black Titanium 128GB Activated,TIKTOK,IP16P128,APPLE IPHONE 16 PRO 128 GB
iPhone 16 Pro Black Titanium 128GB No Activated,TIKTOK,IP16P128,APPLE IPHONE 16 PRO 128 GB
iPhone 16 Pro Black Titanium 256GB No Activated,TIKTOK,IP16P128,APPLE IPHONE 16 PRO 128 GB
iPhone 16 Pro Desert Titanium 128GB Activated,TIKTOK,IP16P128,APPLE IPHONE 16 PRO 128 GB
iPhone 16 Pro Desert Titanium 128GB No Activated,TIKTOK,IP16P128,APPLE IPHONE 16 PRO 128 GB
iPhone 16 Pro Desert Titanium 256GB ประกันร้าน,TIKTOK,IP16P128,APPLE IPHONE 16 PRO 128 GB
iPhone 16 Pro Desert Titanium 256GB No Activated,TIKTOK,IP16P128,APPLE IPHONE 16 PRO 128 GB
iPhone 16 ProMax 1 TB สีขาว No Activated,TIKTOK,IP16PM1T,APPLE IPHONE 16 PRO MAX 1 TB
iPhone 16 ProMax 1 TB สีดำ No Activated,TIKTOK,IP16PM1T,APPLE IPHONE 16 PRO MAX 1 TB
iPhone 16 ProMax 1 TB สีทราย No Activated,TIKTOK,IP16PM1T,APPLE IPHONE 16 PRO MAX 1 TB
iPhone 16 ProMax 1 TB สีธรรมชาติ No Activated,TIKTOK,IP16PM1T,APPLE IPHONE 16 PRO MAX 1 TB
iPhone 16 ProMax 256GB สีขาว Activated,TIKTOK,IP16PM256,APPLE IPHONE 16 PRO MAX 256 GB
iPhone 16 ProMax 256GB สีขาว No Activated,TIKTOK,IP16PM256,APPLE IPHONE 16 PRO MAX 256 GB
iPhone 16 ProMax 256GB สีดำ Activated,TIKTOK,IP16PM256,APPLE IPHONE 16 PRO MAX 256 GB
iPhone 16 ProMax 256GB สีดำ No Activated,TIKTOK,IP16PM256,APPLE IPHONE 16 PRO MAX 256 GB
iPhone 16 ProMax 256GB สีทราย Activated,TIKTOK,IP16PM256,APPLE IPHONE 16 PRO MAX 256 GB
iPhone 16 ProMax 256GB สีทราย No Activated,TIKTOK,IP16PM256,APPLE IPHONE 16 PRO MAX 256 GB
iPhone 16 ProMax 256GB สีธรรมชาติ Activated,TIKTOK,IP16PM256,APPLE IPHONE 16 PRO MAX 256 GB
iPhone 16 ProMax 256GB สีธรรมชาติ No Activated,TIKTOK,IP16PM256,APPLE IPHONE 16 PRO MAX 256 GB
iPhone 16 ProMax 512GB สีขาว No Activated,TIKTOK,IP16PM512,APPLE IPHONE 16 PRO MAX 512 GB
iPhone 16 ProMax 512GB สีดำ Activated,TIKTOK,IP16PM512,APPLE IPHONE 16 PRO MAX 512 GB
iPhone 16 ProMax 512GB สีดำ No Activated,TIKTOK,IP16PM512,APPLE IPHONE 16 PRO MAX 512 GB
iPhone 16 ProMax 512GB สีทราย Activated,TIKTOK,IP16PM512,APPLE IPHONE 16 PRO MAX 512 GB
iPhone 16 ProMax 512GB สีทราย No Activated,TIKTOK,IP16PM512,APPLE IPHONE 16 PRO MAX 512 GB
iPhone 16 ProMax 512GB สีธรรมชาติ No Activated,TIKTOK,IP16PM512,APPLE IPHONE 16 PRO MAX 512 GB
iPhone 16 Pro Natural Titanium 128GB Activated,TIKTOK,IP16P128,APPLE IPHONE 16 PRO 128 GB
iPhone 16 Pro Natural Titanium 256GB No Activate,TIKTOK,IP16P256,APPLE IPHONE 16 PRO 256 GB
iPhone 16 Pro White Titanium 128GB Activated,TIKTOK,IP16P128,APPLE IPHONE 16 PRO 128 GB
iPhone 16 Pro White Titanium 256GB No Activated,TIKTOK,IP16P256,APPLE IPHONE 16 PRO 256 GB
iQOO 13 5G 12/256GB Alpha Black,TIKTOK,IQ1312256,IQOO 13 12/256 GB
iQOO 13 5G 12/256GB Legend White,TIKTOK,IQ1312256,IQOO 13 12/256 GB
iQOO 13 5G 16/512GB Alpha Black,TIKTOK,IQ1316512,IQOO 13 16/512 GB
iQOO 13 5G 16/512GB Legend White,TIKTOK,IQ1316512,IQOO 13 16/512 GB
iQOO 13 5G Legend White 12/256GB,TIKTOK,IQ1312256,IQOO 13 12/256 GB
Jet Black สาย Black M/L 42mm รุ่น GPS,TIKTOK,WS10G42,APPLE WATCH S10 42MM GPS
Jet Black สาย Black M/L 46mm รุ่น GPS,TIKTOK,WS10G46,APPLE WATCH S10 46MM GPS
Jet Black สาย Black S/M 42MM รุ่นGPS,TIKTOK,WS10G42,APPLE WATCH S10 42MM GPS
Jet Black สาย Black S/M 46mm รุ่น GPS,TIKTOK,WS10G46,APPLE WATCH S10 46MM GPS
MacBook AIR M1 8/256GB Keyboard TH สีเงิน,TIKTOK,MBA8256,"APPLE NEW MACBOOK AIR 13"" M1 8/256 GB"
MacBook AIR M1 8/256GB Keyboard TH สีดำ,TIKTOK,MBA8256,"APPLE NEW MACBOOK AIR 13"" M1 8/256 GB"
"MacBook AIR M4 13"" 16/256GB มิดไนท์",TIKTOK,IPDPM413W256,"APPLE IPAD PRO M4 13"" WIFI 256 GB"
"MacBook AIR M4 13"" 16/256GB สกายบลู",TIKTOK,IPDPM413W256,"APPLE IPAD PRO M4 13"" WIFI 256 GB"
"MacBook AIR M4 13"" 16/256GB สตาร์ไลท์",TIKTOK,IPDPM413W256,"APPLE IPAD PRO M4 13"" WIFI 256 GB"
Midnight Aluminium สาย Midnight สายผ้า 45mm GPS,TIKTOK,WS9G45,APPLE WATCH S9 45MM GPS
Midnight S/M 41mm Cellular,TIKTOK,WS9C41,APPLE WATCH S9 41MM CELLULAR
Note 60x Wilderness Green 4/64GB,TIKTOK,RN60X464,REALME NOTE 60X 4/64GB
OPPO A3 8/128GB สีขาว,TIKTOK,OPA38128,OPPO A3 8/128GB
OPPO A3 8/128GB สีดำ,TIKTOK,OPA38128,OPPO A3 8/128GB
OPPO A3x 4G 4/128Gb สีแดง,TIKTOK,OPA3X4128,OPPO A3X 4/128GB
OPPO A3x 4G 4/128Gb สีบลู,TIKTOK,OPA3X4128,OPPO A3X 4/128GB
OPPO A3x 4G 4/64Gb สีแดง,TIKTOK,OPA3X464,OPPO A3X 4/64GB
OPPO A3x 4G 4/64Gb สีบลู,TIKTOK,OPA3X464,OPPO A3X 4/64GB
Oppo A3x Nebula Red 4/64GB,TIKTOK,OPA3X464,OPPO A3X 4/64GB
Oppo A3x Ocean Blue 4/64GB,TIKTOK,OPA3X464,OPPO A3X 4/64GB
Oppo A3x Starry Purple 4/64GB,TIKTOK,OPA3X464,OPPO A3X 4/64GB
OPPO A5 Pro 4G 8/128GB สีน้ำตาล.,TIKTOK,OPA5P8128,OPPO A5 PRO 4G 8/128GB
OPPO A5 Pro 4G 8/128GB สีน้ำตาล,TIKTOK,OPA5P8128,OPPO A5 PRO 4G 8/128GB
OPPO A5 Pro 4G 8/128GB สีบลู.,TIKTOK,OPA5P8128,OPPO A5 PRO 4G 8/128GB
OPPO A5 Pro 4G 8/128GB สีบลู,TIKTOK,OPA5P8128,OPPO A5 PRO 4G 8/128GB
OPPO A5 Pro 5G 6/128GB สีชมพู.,TIKTOK,OPA5P56128,OPPO A5 PRO 5G 6/128GB
OPPO A5 Pro 5G 6/128GB สีชมพู,TIKTOK,OPA5P56128,OPPO A5 PRO 5G 6/128GB
OPPO A5 Pro 5G 6/128GB สีน้ำตาล.,TIKTOK,OPA5P56128,OPPO A5 PRO 5G 6/128GB
OPPO A5 Pro 5G 6/128GB สีน้ำตาล,TIKTOK,OPA5P56128,OPPO A5 PRO 5G 6/128GB
OPPO A5 Pro 5G 8/256GB สีชมพู.,TIKTOK,OPA5P58256,OPPO A5 PRO 5G 8/256GB
OPPO A5 Pro 5G 8/256GB สีชมพู,TIKTOK,OPA5P58256,OPPO A5 PRO 5G 8/256GB
OPPO A5 Pro 5G 8/256GB สีน้ำตาล.,TIKTOK,OPA5P58256,OPPO A5 PRO 5G 8/256GB
OPPO A5 Pro 5G 8/256GB สีน้ำตาล,TIKTOK,OPA5P58256,OPPO A5 PRO 5G 8/256GB
OPPO A79 5G 4/128GB สีเขียว,TIKTOK,OPA7954128,OPPO A79 5G 4/128GB
OPPO A79 5G 4/128GB สีดำ,TIKTOK,OPA7954128,OPPO A79 5G 4/128GB
OPPO Reno12F 5G 12/256 สีส้ม,TIKTOK,OPR12F512256,OPPO RENO12F 5G 12/256GB
OPPO Reno13 12/256GB Luminous Blue,TIKTOK,OPR13512256,OPPO RENO 13 5G 12/256GB
OPPO Reno13 12/256GB Plume White,TIKTOK,OPR13512256,OPPO RENO 13 5G 12/256GB
OPPO Reno13 12/512GB Luminous Blue,TIKTOK,OPR13512512,OPPO RENO 13 5G 12/512GB
OPPO Reno13 F 12/256GB Graphite Gray,TIKTOK,OPR13F512256,OPPO RENO 13 F 5G 12/256GB
OPPO Reno13 F 12/256GB Luminous Blue,TIKTOK,OPR13F512256,OPPO RENO 13 F 5G 12/256GB
OPPO Reno13 F 12/256GB Plume Purple,TIKTOK,OPR13F512256,OPPO RENO 13 F 5G 12/256GB
OPPO Reno13 F 12/512GB Graphite Gray,TIKTOK,OPR13F512512,OPPO RENO 13 F 5G 12/512GB
OPPO Reno13 Pro 12/512GB Graphite Gray,TIKTOK,OPR13P12512,OPPO RENO 13 PRO 5G 12/512GB
OPPO Reno13 Pro 12/512GB Plume Purple,TIKTOK,OPR13P12512,OPPO RENO 13 PRO 5G 12/512GB
Pencil 1 GEN 10 1ปี,TIKTOK,P1,APPLE PENCIL 1
Pencil 1 GEN 10 ประกันไม่เต็ม,TIKTOK,P1,APPLE PENCIL 1
Pencil 1 GEN 10 หมดประกัน 18/4/69,TIKTOK,P1,APPLE PENCIL 1
Pencil 2 ประกัน 1 ปี,TIKTOK,P2,APPLE PENCIL 2
Pencil Pro,TIKTOK,PP,APPLE PENCIL PRO
Pencil Pro No Activated ประกันเต็ม 1 ปี,TIKTOK,PP,APPLE PENCIL PRO
Pencil USB-C รับประกัน 1 ปี,TIKTOK,PUSBC,APPLE PENCIL USB-C
PlayStation 5 Slim รุ่นใส่แผ่น,TIKTOK,PST5D,PLAYSTATION 5 SLIM ULTRA HD BLU-RAY DISC VERSION
POCO C65 8/256GB สีบลู,TIKTOK,PC658256,XIAOMI POCO C65 8/256GB
POCO C65 8/256GB สีม่วง,TIKTOK,PC658256,XIAOMI POCO C65 8/256GB
POCO F6 12/512GB สีเขียว,TIKTOK,RNPCF612512-0,XIAOMI POCO F6 12/512GB
POCO F6 12/512GB สีดำ,TIKTOK,RNPCF612512-0,XIAOMI POCO F6 12/512GB
POCO F6 12/512GB Black,TIKTOK,RNPCF612512-0,XIAOMI POCO F6 12/512GB
POCO F6 12/512GB Green,TIKTOK,RNPCF612512-0,XIAOMI POCO F6 12/512GB
POCO F6 12/512GB Thaitanium,TIKTOK,RNPCF612512-0,XIAOMI POCO F6 12/512GB
POCO X6 5G 12/512GB สีบลู,TIKTOK,PCX612512,XIAOMI POCO X6 5G 12/512GB
POCO X6 Pro 12/512GB สีเหลือง,TIKTOK,PCX612512,XIAOMI POCO X6 5G 12/512GB
POVA 6 NEO Comet Green 8/256GB,TIKTOK,TP6N8256,TECNO POVA6 NEO 8/256
POVA 6 NEO SPEED BLACK 8/256GB,TIKTOK,TP6N8256,TECNO POVA6 NEO 8/256
POVA 6 NEO STARRY SILVER 8/256GB,TIKTOK,TP6N8256,TECNO POVA6 NEO 8/256
(PRODUCT)RED M/L 45mm Cellular,TIKTOK,WS9CAL45,APPLE WATCH S9 45MM CELLULAR ALUMINIUM
(PRODUCT)RED S/M 45mm Cellular,TIKTOK,WS9CAL45,APPLE WATCH S9 45MM CELLULAR ALUMINIUM
PS5 Limited 30ปี,TIKTOK,PST5D,PLAYSTATION 5 SLIM ULTRA HD BLU-RAY DISC VERSION
PS5 SlimDigital 30th,TIKTOK,PST5D,PLAYSTATION 5 SLIM ULTRA HD BLU-RAY DISC VERSION
Realme C63 8/128GB สีเขียว,TIKTOK,RC638128,REALME C63 8/128GB
Realme C63 8/128GB สีบลู,TIKTOK,RC638128,REALME C63 8/128GB
Realme C75 8/128GB สีดำ,TIKTOK,RC758128,REALME C75 8/128GB
Realme C75 8/128GB สีทอง,TIKTOK,RC758128,REALME C75 8/128GB
Realme C75 8/256GB สีดำ,TIKTOK,RC758256,REALME C75 8/256GB
Realme C75 8/256GB สีทอง,TIKTOK,RC758256,REALME C75 8/256GB
Realme C75 Gold 8/128GB,TIKTOK,RC758128,REALME C75 8/128GB
Realme C75 Gold 8/256GB,TIKTOK,,REALME C75 8/256GB
Realme Note 60x 4/64GB สีเขียว,TIKTOK,RN60X464,REALME NOTE 60X 4/64GB
Realme Note 60x 4/64GB สีดำ,TIKTOK,RN60X464,REALME NOTE 60X 4/64GB
realme Note 60X 4/64GB สีดำ.,TIKTOK,RN60X464,REALME NOTE 60X 4/64GB
Redmi 13C 4G 8/256GB สีขาว,TIKTOK,R13C8256,XIAOMI REDMI13C 4G 8/256GB
Redmi 13C 4G 8/256GB สีดำ,TIKTOK,R13C8256,XIAOMI REDMI13C 4G 8/256GB
Redmi 14C 6/128GB สีดำ,TIKTOK,R14C6128,XIAOMI REDMI14C 4G 6/128GB
Redmi 14C 6/128GB สีบลู,TIKTOK,R14C6128,XIAOMI REDMI14C 4G 6/128GB
Redmi 14C 6/128GB สีม่วง,TIKTOK,R14C6128,XIAOMI REDMI14C 4G 6/128GB
Redmi 14C 8/256GB สีดำ,TIKTOK,R14C8256,XIAOMI REDMI14C 4G 8/256GB
Redmi 14C 8/256GB สีบลู,TIKTOK,R14C8256,XIAOMI REDMI14C 4G 8/256GB
Redmi 14C 8/256GB สีม่วง,TIKTOK,R14C8256,XIAOMI REDMI14C 4G 8/256GB
Redmi A3 3/64GB สีเขียว,TIKTOK,RA3364,XIAOMI REDMI A3 3/64GB
Redmi A3 3/64GB สีดำ,TIKTOK,RA3364,XIAOMI REDMI A3 3/64GB
Redmi A3 3/64GB สีบลู,TIKTOK,RA3364,XIAOMI REDMI A3 3/64GB
Redmi A3 4/128GB สีเขียว,TIKTOK,RA34128,XIAOMI REDMI A3 4/128GB
Redmi A3 4/128GB สีดำ,TIKTOK,RA34128,XIAOMI REDMI A3 4/128GB
Redmi A3 4/128GB สีบลู,TIKTOK,RA34128,XIAOMI REDMI A3 4/128GB
Redmi A5 4G 3/64GB สีดำ./,TIKTOK,RA5364,XIAOMI REDMI A5 3/64GB
Redmi A5 4G 3/64GB สีดำ.,TIKTOK,RA5364,XIAOMI REDMI A5 3/64GB
Redmi A5 4G 3/64GB สีดำ,TIKTOK,RA5364,XIAOMI REDMI A5 3/64GB
Redmi A5 4G 3/64GB สีทอง./,TIKTOK,RA5364,XIAOMI REDMI A5 3/64GB
Redmi A5 4G 3/64GB สีทอง/,TIKTOK,RA5364,XIAOMI REDMI A5 3/64GB
Redmi A5 4G 3/64GB สีทอง,TIKTOK,RA5364,XIAOMI REDMI A5 3/64GB
Redmi A5 4G 3/64GB สีฟ้า./,TIKTOK,RA5364,XIAOMI REDMI A5 3/64GB
Redmi A5 4G 3/64GB สีฟ้า.,TIKTOK,RA5364,XIAOMI REDMI A5 3/64GB
Redmi A5 4G 3/64GB สีฟ้า,TIKTOK,RA5364,XIAOMI REDMI A5 3/64GB
Redmi A5 4G 4/128GB สีดำ./,TIKTOK,RA54128,XIAOMI REDMI A5 4/128GB
Redmi A5 4G 4/128GB สีดำ.,TIKTOK,RA54128,XIAOMI REDMI A5 4/128GB
Redmi A5 4G 4/128GB สีดำ,TIKTOK,RA54128,XIAOMI REDMI A5 4/128GB
Redmi A5 4G 4/128GB สีทอง./,TIKTOK,RA54128,XIAOMI REDMI A5 4/128GB
Redmi A5 4G 4/128GB สีทอง.,TIKTOK,RA54128,XIAOMI REDMI A5 4/128GB
Redmi A5 4G 4/128GB สีทอง,TIKTOK,RA54128,XIAOMI REDMI A5 4/128GB
Redmi A5 4G 4/128GB สีฟ้า.,TIKTOK,RA54128,XIAOMI REDMI A5 4/128GB
Redmi A5 4G 4/128GB สีฟ้า./,TIKTOK,RA54128,XIAOMI REDMI A5 4/128GB
Redmi A5 4G 4/128GB สีฟ้า,TIKTOK,RA54128,XIAOMI REDMI A5 4/128GB
Redmi Note 13 5G 8/256GB สีเขียว,TIKTOK,RN1358256,XIAOMI REDMI NOTE13 5G 8/256GB
Redmi Note 13 5G 8/256GB สีดำ,TIKTOK,RN1358256,XIAOMI REDMI NOTE13 5G 8/256GB
Redmi Note 14 4G 8/256GB สีเขียว,TIKTOK,RN1448256,XIAOMI REDMI NOTE14 4G 8/256GB
Redmi Note 14 4G 8/256GB สีดำ,TIKTOK,RN1448256,XIAOMI REDMI NOTE14 4G 8/256GB
Redmi Note 14 4G 8/256GB สีีม่วง,TIKTOK,RN1448256,XIAOMI REDMI NOTE14 4G 8/256GB
Redmi Note 14 5G 8/256GB สีเขียว,TIKTOK,RN1458256,XIAOMI REDMI NOTE14 5G 8/256GB
Redmi Note 14 5G 8/256GB สีดำ,TIKTOK,RN1458256,XIAOMI REDMI NOTE14 5G 8/256GB
Redmi Note 14 5G 8/256GB สีม่วง,TIKTOK,RN1458256,XIAOMI REDMI NOTE14 5G 8/256GB
Redmi Note 14 Pro 12/256GB สีดำ,TIKTOK,RN14P512256,XIAOMI REDMI NOTE14 PRO 5G 12/256GB
"Redmi Pad SE 8.7"" 4/64GB สีดำ",TIKTOK,RPSEW464,REDMI PAD SE WIFI 4/64GB
"Redmi Pad SE 8.7"" 4/64GB สีบลู",TIKTOK,RPSEW464,REDMI PAD SE WIFI 4/64GB
"Redmi Pad SE 8.7"" 4G 4/64GB สีดำ",TIKTOK,RPSEW464,REDMI PAD SE WIFI 4/64GB
"Redmi Pad SE 8.7"" 4G Graphite Gray 4/64GB",TIKTOK,RPSEW464,REDMI PAD SE WIFI 4/64GB
"Redmi Pad SE 8.7"" wifi Sky Blue 4/64GB",TIKTOK,RPSEW464,REDMI PAD SE WIFI 4/64GB
Redmi Pad SE Graphite Gray 4G 4/64GB,TIKTOK,RPSEW464,REDMI PAD SE WIFI 4/64GB
Rose Gold สาย Light Blush M/L 42MM รุ่นGPS,TIKTOK,WS10G42,APPLE WATCH S10 42MM GPS
Rose Gold สาย Light Blush M/L 46MM รุ่นGPS,TIKTOK,WS10G46,APPLE WATCH S10 46MM GPS
Rose Gold สาย Light Blush S/M 42mm รุ่นGPS,TIKTOK,WS10G42,APPLE WATCH S10 42MM GPS
Rose Gold สาย Light Blush S/M 46MM รุ่น GPS,TIKTOK,WS10G46,APPLE WATCH S10 46MM GPS
SamSamsung A06 4/64GB เขียว,TIKTOK,SA064464,SAMSUNG GALAXY A06 4G 4/64GB
Samsung A05s 6/128GB สีเงิน,TIKTOK,SA05S6128,SAMSUNG GALAXY A05S 6/128GB
Samsung A05s 6/128GB สีดำ,TIKTOK,SA05S6128,SAMSUNG GALAXY A05S 6/128GB
Samsung A06 4/128GB เขียว,TIKTOK,SA0644128,SAMSUNG GALAXY A06 4G 4/128GB
Samsung A06 4/128GB ดำ,TIKTOK,SA0644128,SAMSUNG GALAXY A06 4G 4/128GB
Samsung A06 4/128GB สีเขียว,TIKTOK,SA0644128,SAMSUNG GALAXY A06 4G 4/128GB
Samsung A06 4/128GB สีดำ,TIKTOK,SA0644128,SAMSUNG GALAXY A06 4G 4/128GB
Samsung A06 4/64GB ดำ,TIKTOK,SA064464,SAMSUNG GALAXY A06 4G 4/64GB
Samsung A06 4/64GB สีเขียว,TIKTOK,SA064464,SAMSUNG GALAXY A06 4G 4/64GB
Samsung A06 4/64GB สีดำ,TIKTOK,SA064464,SAMSUNG GALAXY A06 4G 4/64GB
Samsung A06 4G 4/128GB,TIKTOK,SA0644128,SAMSUNG GALAXY A06 4G 4/128GB
Samsung A06 4G 4/128GB Black,TIKTOK,SA0644128,SAMSUNG GALAXY A06 4G 4/128GB
Samsung A06 4G 4/128GB Light Green,TIKTOK,SA0644128,SAMSUNG GALAXY A06 4G 4/128GB
Samsung A06 4G 4/64GB,TIKTOK,SA064464,SAMSUNG GALAXY A06 4G 4/64GB
Samsung A06 4G 4/64GB Black,TIKTOK,SA064464,SAMSUNG GALAXY A06 4G 4/64GB
Samsung A06 4G 4/64GB Light Green,TIKTOK,SA064464,SAMSUNG GALAXY A06 4G 4/64GB
Samsung A06 5G 46/128GB Black,TIKTOK,SA0656128,SAMSUNG GALAXY A06 5G 6/128GB
Samsung A06 5G 4/64GB,TIKTOK,SA065464,SAMSUNG GALAXY A06 5G 4/64GB
Samsung A06 5G 4/64GB Black,TIKTOK,SA065464,SAMSUNG GALAXY A06 5G 4/64GB
Samsung A06 5G 4/64GB Light Green,TIKTOK,SA065464,SAMSUNG GALAXY A06 5G 4/64GB
Samsung A06 5G 6/128GB Black,TIKTOK,SA0656128,SAMSUNG GALAXY A06 5G 6/128GB
Samsung A06 5G 6/128GB Black,TIKTOK,SA0656128,SAMSUNG GALAXY A06 5G 6/128GB
Samsung A06 5G 6/128GB Light Green,TIKTOK,SA0656128,SAMSUNG GALAXY A06 5G 6/128GB
Samsung A06 5G 6/128GB Light Green,TIKTOK,SA0656128,SAMSUNG GALAXY A06 5G 6/128GB
Samsung A16 5G 4/128GB สีเขียว,TIKTOK,SA1654128,SAMSUNG GALAXY A16 5G 4/128GB
Samsung A16 5G 4/128GB สีเขียว.,TIKTOK,SA1654128,SAMSUNG GALAXY A16 5G 4/128GB
Samsung A16 5G 4/128GBสีดำ,TIKTOK,SA1654128,SAMSUNG GALAXY A16 5G 4/128GB
Samsung A16 5G 4/128GB สีดำ,TIKTOK,SA1654128,SAMSUNG GALAXY A16 5G 4/128GB
Samsung A16 5G 4/128GB สีดำ.,TIKTOK,SA1654128,SAMSUNG GALAXY A16 5G 4/128GB
Samsung A16 5G 8/256GB สีเขียว,TIKTOK,SA1658256,SAMSUNG GALAXY A16 5G 8/256GB
Samsung A16 5G 8/256GB สีเขียว.,TIKTOK,SA1658256,SAMSUNG GALAXY A16 5G 8/256GB
Samsung A16 5G 8/256GB สีดำ,TIKTOK,SA1658256,SAMSUNG GALAXY A16 5G 8/256GB
Samsung A16 5G 8/256GB สีดำ.,TIKTOK,SA1658256,SAMSUNG GALAXY A16 5G 8/256GB
Samsung A55 5G 128GB สีนาวี,TIKTOK,SA558128,SAMSUNG GALAXY A55 5G 8/128GB
Samsung A55 5G 128GB สีน้ำเงิน,TIKTOK,SA558128,SAMSUNG GALAXY A55 5G 8/128GB
Samsung A55 5G 256GB สีนาวี,TIKTOK,SA5512256,SAMSUNG GALAXY A55 5G 12/256GB
Samsung A55 5G 256GB สีน้ำเงิน,TIKTOK,SA5512256,SAMSUNG GALAXY A55 5G 12/256GB
Samsung A55 5G 256GB สีฟ้า,TIKTOK,SA5512256,SAMSUNG GALAXY A55 5G 12/256GB
Samsung A55 5G 256GB สีม่วง,TIKTOK,SA5512256,SAMSUNG GALAXY A55 5G 12/256GB
Samsung A55 5G 256GB สีไอซ์บลู,TIKTOK,SA5512256,SAMSUNG GALAXY A55 5G 12/256GB
Samsung Galaxy A36 Awesome Black 128GB,TIKTOK,SA368128,SAMSUNG GALAXY A36 5G 8/128GB
Samsung Galaxy A36 Awesome Lavender 128GB,TIKTOK,SA368128,SAMSUNG GALAXY A36 5G 8/128GB
Samsung Galaxy A56,TIKTOK,SA5658128,SAMSUNG GALAXY A56 5G 8/128GB
Samsung Galaxy A56 Awesome Graphite - 128GB,TIKTOK,SA5658128,SAMSUNG GALAXY A56 5G 8/128GB
Samsung Galaxy A56 Awesome Graphite 128GB,TIKTOK,SA5658128,SAMSUNG GALAXY A56 5G 8/128GB
Samsung Galaxy A56 Awesome Graphite 128 GB,TIKTOK,SA5658128,SAMSUNG GALAXY A56 5G 8/128GB
Samsung Galaxy A56 Awesome Graphite 256GB,TIKTOK,SA56512256,SAMSUNG GALAXY A56 5G 12/256GB
Samsung Galaxy A56 Awesome Graphite 256GB,TIKTOK,SA56512256,SAMSUNG GALAXY A56 5G 12/256GB
Samsung Galaxy A56 Awesome Olive 128GB,TIKTOK,SA5658128,SAMSUNG GALAXY A56 5G 8/128GB
Samsung Galaxy A56 Awesome Olive 128GB,TIKTOK,SA5658128,SAMSUNG GALAXY A56 5G 8/128GB
Samsung Galaxy A56 Awesome Olive 256GB,TIKTOK,SA56512256,SAMSUNG GALAXY A56 5G 12/256GB
Samsung Galaxy A56 Awesome Olive 256GB,TIKTOK,SA56512256,SAMSUNG GALAXY A56 5G 12/256GB
Samsung Galaxy A56 Awesome Pink 128GB,TIKTOK,SA5658128,SAMSUNG GALAXY A56 5G 8/128GB
Samsung Galaxy A56 Awesome Pink 128GB,TIKTOK,SA5658128,SAMSUNG GALAXY A56 5G 8/128GB
Samsung Galaxy A56 Awesome Pink 256GB,TIKTOK,SA56512256,SAMSUNG GALAXY A56 5G 12/256GB
Samsung Galaxy A56 Awesome Pink 256GB,TIKTOK,SA56512256,SAMSUNG GALAXY A56 5G 12/256GB
Samsung S24 Ultra 256GB สีเกรย์,TIKTOK,S24U512256,SAMSUNG GALAXY S24 ULTRA 5G 12/256GB
Samsung S24 Ultra 256GB สีดำ,TIKTOK,S24U512256,SAMSUNG GALAXY S24 ULTRA 5G 12/256GB
Samsung S24 Ultra 256GB สีม่วง,TIKTOK,S24U512256,SAMSUNG GALAXY S24 ULTRA 5G 12/256GB
Samsung S24 Ultra 256GB สีเหลือง,TIKTOK,S24U512256,SAMSUNG GALAXY S24 ULTRA 5G 12/256GB
Samsung S25 Ultra Titanium Black 12/256GB,TIKTOK,S25U512256,SAMSUNG GALAXY S25 ULTRA 5G 12/256GB
Samsung S25 Ultra Titanium Black 12/512GB,TIKTOK,S25U512512,SAMSUNG GALAXY S25 ULTRA 5G 12/512GB
Samsung S25 Ultra Titanium Gray 12/1TB,TIKTOK,S25U5121,SAMSUNG GALAXY S25 ULTRA 5G 12/1TB
Samsung S25 Ultra Titanium Gray 12/256GB,TIKTOK,S25U512256,SAMSUNG GALAXY S25 ULTRA 5G 12/256GB
Samsung S25 Ultra Titanium Gray 12/512GB,TIKTOK,S25U512512,SAMSUNG GALAXY S25 ULTRA 5G 12/512GB
Samsung S25 Ultra Titanium Jadegreen 12/256GB,TIKTOK,S25U512256,SAMSUNG GALAXY S25 ULTRA 5G 12/256GB
Samsung S25 Ultra Titanium Jetblack 12/256GB,TIKTOK,S25U512256,SAMSUNG GALAXY S25 ULTRA 5G 12/256GB
Samsung S25 Ultra Titanium Pinkgold 12/256GB,TIKTOK,S25U512256,SAMSUNG GALAXY S25 ULTRA 5G 12/256GB
Samsung S25 Ultra Titanium Silverblue 12/1TB,TIKTOK,S25U5121,SAMSUNG GALAXY S25 ULTRA 5G 12/1TB
Samsung S25 Ultra Titanium Silverblue 12/256GB,TIKTOK,S25U512256,SAMSUNG GALAXY S25 ULTRA 5G 12/256GB
Samsung S25 Ultra Titanium Silverblue 12/512GB,TIKTOK,S25U512512,SAMSUNG GALAXY S25 ULTRA 5G 12/512GB
Samsung S25 Ultra Titanium Whitesilver 12/256GB,TIKTOK,S25U512256,SAMSUNG GALAXY S25 ULTRA 5G 12/256GB
Samsung S25 Ultra Titanium Whitesilver 12/512GB,TIKTOK,S25U512512,SAMSUNG GALAXY S25 ULTRA 5G 12/512GB
Silver สาย Denim M/L 42mm รุ่น GPS,TIKTOK,WS10G42,APPLE WATCH S10 42MM GPS
Silver สาย Denim M/L 46mm รุ่น GPS,TIKTOK,WS10G46,APPLE WATCH S10 46MM GPS
Silver สาย Denim S/M 42mm รุ่น GPS,TIKTOK,WS10G42,APPLE WATCH S10 42MM GPS
Silver สาย Denim S/M 46mm รุ่น GPS,TIKTOK,WS10G46,APPLE WATCH S10 46MM GPS
Silver S/M 45mm Cellular,TIKTOK,WS9CST45,APPLE WATCH S9 45MM CELLULAR STAINLESS
Silver Stainless Steel สาย Blue S/M 45mm CEll,TIKTOK,WS9CST45,APPLE WATCH S9 45MM CELLULAR STAINLESS
Sky Blue Redmi Pad SE 8.7 Wifi 4/64GB,TIKTOK,RPSEW464,REDMI PAD SE WIFI 4/64GB
Spark 30C 6/128GB สีขาว,TIKTOK,TS30C6128,TECNO SPARK 30C 6/128 GB
Spark 30C 6/128GB สีดำ,TIKTOK,TS30C6128,TECNO SPARK 30C 6/128 GB
SPARK Go 1 3/64GB สีขาว,TIKTOK,TSG1364,TECNO SPARK GO 1 3/64GB
SPARK Go 1 3/64GB สีดำ,TIKTOK,TSG1364,TECNO SPARK GO 1 3/64GB
SPARK Go 1 4/128GB สีขาว,TIKTOK,TSG14128,TECNO SPARK GO 1 4/128 GB
SPARK Go 1 4/128GB สีดำ,TIKTOK,TSG14128,TECNO SPARK GO 1 4/128 GB
Tab A9 LTE 4/64GB ประกันศูนย์ 1 ปี,TIKTOK,STA9464,SAMSUNG GALAXY TAB A9 4/64GB
Tab A9 Plus 5G Navy 8/128GB,TIKTOK,STA9P58128,SAMSUNG GALAXY TAB A9 PLUS 5G 8/128GB
Tab S6 Lite LTE 4/128GB สีเกรย์,TIKTOK,STS6LL4128,SAMSUNG GALAXY TAB S6 LITE LTE (2024) 4/128GB
Tab S6 Lite LTE 4/128GB สีมิ้น,TIKTOK,STS6LL4128,SAMSUNG GALAXY TAB S6 LITE LTE (2024) 4/128GB
Tab S6 Lite LTE 4/128GB Mint,TIKTOK,STS6LL4128,SAMSUNG GALAXY TAB S6 LITE LTE (2024) 4/128GB
Tecno POVA 6 NEO 8/256GB สีเขียว,TIKTOK,TP6N8256,TECNO POVA6 NEO 8/256
Tecno POVA 6 NEO 8/256GB สีเงิน,TIKTOK,TP6N8256,TECNO POVA6 NEO 8/256
Tecno POVA 6 NEO 8/256GB สีดำ,TIKTOK,TP6N8256,TECNO POVA6 NEO 8/256
VIVO V40 5G 12/256GB สีเงิน,TIKTOK,VV40512256,VIVO V40 5G 12/256GB
VIVO V40 5G 12/256GB สีพีช,TIKTOK,VV40512256,VIVO V40 5G 12/256GB
VIVO V40 5G 12/256GB สีม่วง,TIKTOK,VV40512256,VIVO V40 5G 12/256GB
Vivo V50 12/256GB Mist Purple,TIKTOK,VV50512256,VIVO V50 5G 12/256GB
Vivo V50 12/256GB Mist Purple.,TIKTOK,VV50512256,VIVO V50 5G 12/256GB
Vivo V50 12/256GB Mist Purple/,TIKTOK,VV50512256,VIVO V50 5G 12/256GB
Vivo V50 12/256GB Rose Red,TIKTOK,VV50512256,VIVO V50 5G 12/256GB
Vivo V50 12/256GB Rose Red.,TIKTOK,VV50512256,VIVO V50 5G 12/256GB
Vivo V50 12/256GB Rose Red./,TIKTOK,VV50512256,VIVO V50 5G 12/256GB
Vivo V50 12/256GB Rose Red/,TIKTOK,VV50512256,VIVO V50 5G 12/256GB
Vivo V50 12/256GB Titanium Gray,TIKTOK,VV50512256,VIVO V50 5G 12/256GB
Vivo V50 12/256GB Titanium Gray.,TIKTOK,VV50512256,VIVO V50 5G 12/256GB
Vivo V50 12/256GB Titanium Gray/,TIKTOK,VV50512256,VIVO V50 5G 12/256GB
Vivo V50 12/512GB Rose Red,TIKTOK,VV50512512,VIVO V50 5G 12/512GB
Vivo V50 12/512GB Rose Red.,TIKTOK,VV50512512,VIVO V50 5G 12/512GB
Vivo V50 12/512GB Rose Red./,TIKTOK,VV50512512,VIVO V50 5G 12/512GB
Vivo V50 12/512GB Rose Red/,TIKTOK,VV50512512,VIVO V50 5G 12/512GB
Vivo V50 12/512GB Titanium Gray,TIKTOK,VV50512512,VIVO V50 5G 12/512GB
Vivo V50 Lite 5G 12/512GB สีดำ./,TIKTOK,VV50L512512,VIVO V50 LITE 5G 12/512GB
Vivo V50 Lite 5G 12/512GB สีดำ.,TIKTOK,VV50L512512,VIVO V50 LITE 5G 12/512GB
Vivo V50 Lite 5G 12/512GB สีดำ,TIKTOK,VV50L512512,VIVO V50 LITE 5G 12/512GB
Vivo V50 Lite 5G 12/512GB สีทอง./,TIKTOK,VV50L512512,VIVO V50 LITE 5G 12/512GB
Vivo V50 Lite 5G 12/512GB สีทอง,TIKTOK,VV50L512512,VIVO V50 LITE 5G 12/512GB
Vivo V50 Lite 5G 12/512GB สีทอง.,TIKTOK,VV50L512512,VIVO V50 LITE 5G 12/512GB
Vivo V50 Lite 5G 8/256GB สีดำ,TIKTOK,VV50L58256,VIVO V50 LITE 5G 8/256GB
Vivo V50 Lite 5G 8/256GB สีดำ.,TIKTOK,VV50L58256,VIVO V50 LITE 5G 8/256GB
Vivo V50 Lite 5G 8/256GB สีดำ./,TIKTOK,VV50L58256,VIVO V50 LITE 5G 8/256GB
Vivo V50 Lite 5G 8/256GB สีดำ/,TIKTOK,VV50L58256,VIVO V50 LITE 5G 8/256GB
Vivo V50 Lite 5G 8/256GB สีทอง.,TIKTOK,VV50L58256,VIVO V50 LITE 5G 8/256GB
Vivo V50 Lite 5G 8/256GB สีทอง,TIKTOK,VV50L58256,VIVO V50 LITE 5G 8/256GB
Vivo V50 Lite 5G 8/256GB สีม่วง.,TIKTOK,VV50L58256,VIVO V50 LITE 5G 8/256GB
Vivo V50 Lite 5G 8/256GB สีม่วง,TIKTOK,VV50L58256,VIVO V50 LITE 5G 8/256GB
Vivo V50 Lite 5G 8/256GB สีม่วง./,TIKTOK,VV50L58256,VIVO V50 LITE 5G 8/256GB
VIVO Y03t 128GB สีเขียว./,TIKTOK,VY03T4128,VIVO Y03T 4G 4/128GB
VIVO Y03t 128GB สีเขียว.,TIKTOK,VY03T4128,VIVO Y03T 4G 4/128GB
VIVO Y03t 128GB สีดำ./,TIKTOK,VY03T4128,VIVO Y03T 4G 4/128GB
Vivo Y03t 4/128GB สีเขียว,TIKTOK,VY03T4128,VIVO Y03T 4G 4/128GB
Vivo Y03t 4/128GB สีดำ,TIKTOK,VY03T4128,VIVO Y03T 4G 4/128GB
Vivo Y03t 4/64GB สีเขียว,TIKTOK,VY03T464,VIVO Y03T 4G 4/64GB
Vivo Y03t 4/64GB สีดำ,TIKTOK,VY03T464,VIVO Y03T 4G 4/64GB
VIVO Y03t 64GB สีเขียว./,TIKTOK,VY03T464,VIVO Y03T 4G 4/64GB
VIVO Y03t 64GB สีเขียว.,TIKTOK,VY03T464,VIVO Y03T 4G 4/64GB
VIVO Y03t 64GB สีดำ./,TIKTOK,VY03T464,VIVO Y03T 4G 4/64GB
VIVO Y03t 64GB สีดำ.,TIKTOK,VY03T464,VIVO Y03T 4G 4/64GB
VIVO Y04 4/64GB สีเขียว,TIKTOK,VY04464,VIVO Y04 4G 4/64GB
VIVO Y04 4/64GB สีเขียว.,TIKTOK,VY04464,VIVO Y04 4G 4/64GB
VIVO Y04 4/64GB สีทอง,TIKTOK,VY04464,VIVO Y04 4G 4/64GB
VIVO Y04 4/64GB สีทอง.,TIKTOK,VY04464,VIVO Y04 4G 4/64GB
VIVO Y04 4/64GB สีม่วง,TIKTOK,VY04464,VIVO Y04 4G 4/64GB
VIVO Y04 4/64GB สีม่วง.,TIKTOK,VY04464,VIVO Y04 4G 4/64GB
Vivo Y04 Jade Green 4/64GB,TIKTOK,VY04464,VIVO Y04 4G 4/64GB
Vivo Y04 Jade Green 4/64GB./,TIKTOK,VY04464,VIVO Y04 4G 4/64GB
Vivo Y04 Jade Green 4/64GB.,TIKTOK,VY04464,VIVO Y04 4G 4/64GB
Vivo Y04 Titanium Gold 4/64GB./,TIKTOK,VY04464,VIVO Y04 4G 4/64GB
Vivo Y04 Titanium Gold 4/64GB,TIKTOK,VY04464,VIVO Y04 4G 4/64GB
Vivo Y04 Titanium Gold 4/64GB.,TIKTOK,VY04464,VIVO Y04 4G 4/64GB
Vivo Y04 Violet 4/64GB./,TIKTOK,VY04464,VIVO Y04 4G 4/64GB
Vivo Y04 Violet 4/64GB,TIKTOK,VY04464,VIVO Y04 4G 4/64GB
Vivo Y04 Violet 4/64GB.,TIKTOK,VY04464,VIVO Y04 4G 4/64GB
VIVO Y100 5G 8/256GB สีดำ,TIKTOK,VY10058256,VIVO Y100 5G 8/256GB
VIVO Y18 8/128GB สีน้ำตาล,TIKTOK,VY188128,VIVO Y18 8/128GB
VIVO Y18 8/128GB สีฟ้า,TIKTOK,VY188128,VIVO Y18 8/128GB
vivo y19s 4/128GB สีเงิน,TIKTOK,VY19S4128,VIVO Y19S 4/128GB
vivo y19s 4/128GB สีดำ,TIKTOK,VY19S4128,VIVO Y19S 4/128GB
vivo y19s 4/64GB สีเงิน,TIKTOK,VY19S464,VIVO Y19S 4/64GB
vivo y19s 4/64GB สีดำ,TIKTOK,VY19S464,VIVO Y19S 4/64GB
vivo y19s 4/64GB สีบลู,TIKTOK,VY19S464,VIVO Y19S 4/64GB
VIVO Y19s 4G 4/64GB สีดำ,TIKTOK,VY19S464,VIVO Y19S 4/64GB
VIVO Y19s 4G 4/64GB สีบลู,TIKTOK,VY19S464,VIVO Y19S 4/64GB
vivo y19s 6/128GB สีเงิน,TIKTOK,VY19S61218,VIVO Y19S 6/128GB
vivo y19s 6/128GB สีดำ,TIKTOK,VY19S61218,VIVO Y19S 6/128GB
vivo y19s 6/128GB สีบลู,TIKTOK,VY19S61218,VIVO Y19S 6/128GB
VIVO Y200 5G 8/256GB ดรีมมี่ วิโอเลต,TIKTOK,VY20058256,VIVO Y200 5G 8/256GB
VIVO Y200 5G 8/256GB ไดนามิก แบลค,TIKTOK,VY20058256,VIVO Y200 5G 8/256GB
VIVO Y200 5G 8/256GB ไทเทเนียม เงิน,TIKTOK,VY20058256,VIVO Y200 5G 8/256GB
vivo Y28 8/128GB สีเขียว,TIKTOK,VY288128,VIVO Y28 8/128GB
vivo Y28 8/128GB สีส้ม,TIKTOK,VY288128,VIVO Y28 8/128GB
vivo Y28 8/256GB สีส้ม,TIKTOK,VY288256,VIVO Y28 8/256GB
vivo Y28s 5G 8/128GB สีน้ำตาล,TIKTOK,VY28S58128,VIVO Y28S 5G 8/128GB
vivo Y28s 5G 8/128GB สีม่วง,TIKTOK,VY28S58128,VIVO Y28S 5G 8/128GB
VIVO Y29 Elegant White 8/128GB,TIKTOK,VY298128,VIVO Y29 8/128GB
VIVO Y29 Elegant White 8/256GB,TIKTOK,VY298256,VIVO Y29 8/256GB
VIVO Y29 Noble Brown 8/128GB,TIKTOK,VY298128,VIVO Y29 8/128GB
VIVO Y29 Noble Brown 8/256GB,TIKTOK,VY298256,VIVO Y29 8/256GB
VIVO Y39 5G 8/256GB สีบลู.,TIKTOK,VY3958256,VIVO Y39 5G 8/256GB
VIVO Y39 5G 8/256GB สีบลู,TIKTOK,VY3958256,VIVO Y39 5G 8/256GB
VIVO Y39 5G 8/256GB สีม่วง.,TIKTOK,VY3958256,VIVO Y39 5G 8/256GB
VIVO Y39 5G 8/256GB สีม่วง./,TIKTOK,VY3958256,VIVO Y39 5G 8/256GB
VIVO Y39 5G 8/256GB สีม่วง,TIKTOK,VY3958256,VIVO Y39 5G 8/256GB
WatchS9 41mm GPS สีแดง S/M,TIKTOK,WS9G41,APPLE WATCH S9 41MM GPS
WatchS9 41mm GPS สีสตาร์ไลท์ S/M,TIKTOK,WS9G41,APPLE WATCH S9 41MM GPS
WatchS9 45mm GPS สีเงินสายบลู M/L,TIKTOK,WS9G45,APPLE WATCH S9 45MM GPS
WatchS9 45mm GPS สีเงินสายบลู S/M,TIKTOK,WS9G45,APPLE WATCH S9 45MM GPS
WatchS9 45mm GPS สีแดง S/M,TIKTOK,WS9G45,APPLE WATCH S9 45MM GPS
Xiaomi POCO C75 6/128GB สีเขียว,TIKTOK,PC756128,XIAOMI POCO C75 6/128GB
Xiaomi POCO C75 6/128GB สีดำ,TIKTOK,PC756128,XIAOMI POCO C75 6/128GB
Xiaomi POCO C75 6/128GB สีทอง,TIKTOK,PC756128,XIAOMI POCO C75 6/128GB
Xiaomi POCO C75 8/256GB สีเขียว,TIKTOK,PC758256,XIAOMI POCO C75 8/256GB
Xiaomi POCO C75 8/256GB สีดำ,TIKTOK,PC758256,XIAOMI POCO C75 8/256GB
Xiaomi POCO C75 8/256GB สีทอง,TIKTOK,PC758256,XIAOMI POCO C75 8/256GB
iPhone 16e สีดำ No Activated (ประกันเต็มปี) 128GB,TIKTOK,IP16E128,APPLE IPHONE 16E 128 GB
iPhone 16e สีดำ No Activated (ประกันเต็มปี) 256GB,TIKTOK,IP16E256,APPLE IPHONE 16E 256 GB
iPhone 16e สีดำ No Activated (ประกันเต็มปี) 512GB,TIKTOK,IP16512,APPLE IPHONE 16 512 GB
iPhone 16e สีขาว No Activated (ประกันเต็มปี) 128G,TIKTOK,IP16E256,APPLE IPHONE 16E 256 GB
iPhone 16e สีขาว No Activated (ประกันเต็มปี) 256G,TIKTOK,IP16E256,APPLE IPHONE 16E 256 GB
iPhone 16e สีขาว No Activated (ประกันเต็มปี) 512G,TIKTOK,IP16E256,APPLE IPHONE 16E 256 GB
WatchUltra3,TIKTOK,AP3LT,APPLE AIRPODS 3 (LIGHTNING)
iPad mini 7 256GB WiFi สีดำ,TIKTOK,IPDM7W256,APPLE IPAD MINI 7 WIFI 256 GB
iPad mini 7 256GB Cellular สีดำ,TIKTOK,IPDM7C256,APPLE IPAD MINI 7 WIFI+CELLULAR 256 GB
iPad mini 7 256GB WiFi สีบลู,TIKTOK,IPDM7W256,APPLE IPAD MINI 7 WIFI 256 GB
iPad mini 7 256GB Cellular สีบลู,TIKTOK,IPDM7C256,APPLE IPAD MINI 7 WIFI+CELLULAR 256 GB
iPad mini 7 256GB WiFi สีม่วง,TIKTOK,IPDM7W256,APPLE IPAD MINI 7 WIFI 256 GB
iPad mini 7 256GB Cellular สีม่วง,TIKTOK,IPDM7C256,APPLE IPAD MINI 7 WIFI+CELLULAR 256 GB
iPad mini 7 256GB WiFi สีสตาร์ไลท์,TIKTOK,IPDM7W256,APPLE IPAD MINI 7 WIFI 256 GB
iPad mini 7 256GB Cellular สีสตาร์ไลท์,TIKTOK,IPDM7C256,APPLE IPAD MINI 7 WIFI+CELLULAR 256 GB
MacBook PRO M4 16/512GB Silver,TIKTOK,IPDPM413W512,"APPLE IPAD PRO M4 13"" WIFI 512 GB"
MacBook PRO M4 16/1TB Silver,TIKTOK,IPDPM411W1TB,"APPLE IPAD PRO M4 11"" WIFI 1 TB"
MacBook PRO M4 24/512GB Silver,TIKTOK,IPDPM413W512,"APPLE IPAD PRO M4 13"" WIFI 512 GB"
MacBook PRO M4 24/1TB Silver,TIKTOK,IPDPM411W1TB,"APPLE IPAD PRO M4 11"" WIFI 1 TB"
MacBook PRO M4 32/512GB Silver,TIKTOK,IPDPM413W512,"APPLE IPAD PRO M4 13"" WIFI 512 GB"
MacBook PRO M4 32/1TB Silver,TIKTOK,IPDPM411W1TB,"APPLE IPAD PRO M4 11"" WIFI 1 TB"
MacBook PRO M4 16/512GB Space Black,TIKTOK,IPDPM413W512,"APPLE IPAD PRO M4 13"" WIFI 512 GB"
MacBook PRO M4 16/1TB Space Black,TIKTOK,IPDPM411W1TB,"APPLE IPAD PRO M4 11"" WIFI 1 TB"
MacBook PRO M4 24/512GB Space Black,TIKTOK,IPDPM413W512,"APPLE IPAD PRO M4 13"" WIFI 512 GB"
MacBook PRO M4 24/1TB Space Black,TIKTOK,IPDPM411W1TB,"APPLE IPAD PRO M4 11"" WIFI 1 TB"
MacBook PRO M4 32/512GB Space Black,TIKTOK,IPDPM413W512,"APPLE IPAD PRO M4 13"" WIFI 512 GB"
MacBook PRO M4 32/1TB Space Black,TIKTOK,IPDPM411W1TB,"APPLE IPAD PRO M4 11"" WIFI 1 TB"
"MacBook AIR M4 13"" 16/256GB สกายบลู",TIKTOK,MBA8256,"APPLE NEW MACBOOK AIR 13"" M1 8/256 GB"
"MacBook AIR M4 13"" 16/256GB เงิน",TIKTOK,MBA8256,"APPLE NEW MACBOOK AIR 13"" M1 8/256 GB"
"MacBook AIR M4 13"" 16/256GB สตาร์ไลท์",TIKTOK,MBA8256,"APPLE NEW MACBOOK AIR 13"" M1 8/256 GB"
"MacBook AIR M4 13"" 16/256GB มิดไนท์",TIKTOK,MBA8256,"APPLE NEW MACBOOK AIR 13"" M1 8/256 GB"
iPad 10 64GB Wi-Fi สีบลู S,TIKTOK,WS10G42,APPLE WATCH S10 42MM GPS
iPad 10 64GB Wi-Fi สีชมพู S,TIKTOK,WS10G42,APPLE WATCH S10 42MM GPS
iPhone 16 128GB น้ำเงินอัลตร้ามารีน NA,TIKTOK,IP16128,APPLE IPHONE 16 128 GB
iPhone 16 256GB น้ำเงินอัลตร้ามารีน NA,TIKTOK,IP16256,APPLE IPHONE 16 256 GB
iPhone 16 512GB น้ำเงินอัลตร้ามารีน NA,TIKTOK,IP16512,APPLE IPHONE 16 512 GB
iPhone 16 128GB เขียวอมฟ้า NA,TIKTOK,IP16128,APPLE IPHONE 16 128 GB
iPhone 16 256GB เขียวอมฟ้า NA,TIKTOK,IP16256,APPLE IPHONE 16 256 GB
iPhone 16 512GB เขียวอมฟ้า NA,TIKTOK,IP16512,APPLE IPHONE 16 512 GB
iPhone 16 128GB สีชมพู NA,TIKTOK,IP16128,APPLE IPHONE 16 128 GB
iPhone 16 256GB สีชมพู NA,TIKTOK,IP16256,APPLE IPHONE 16 256 GB
iPhone 16 512GB สีชมพู NA,TIKTOK,IP16512,APPLE IPHONE 16 512 GB
iPhone 16 128GB สีขาว NA,TIKTOK,IP16128,APPLE IPHONE 16 128 GB
iPhone 16 256GB สีขาว NA,TIKTOK,IP16256,APPLE IPHONE 16 256 GB
iPhone 16 512GB สีขาว NA,TIKTOK,IP16512,APPLE IPHONE 16 512 GB
iPhone 16 128GB สีดำ NA,TIKTOK,IP16128,APPLE IPHONE 16 128 GB
iPhone 16 256GB สีดำ NA,TIKTOK,IP16256,APPLE IPHONE 16 256 GB
iPhone 16 512GB สีดำ NA,TIKTOK,IP16512,APPLE IPHONE 16 512 GB
Silver สาย Denim S/M 42mm รุ่น GPS,TIKTOK,WS10G42,APPLE WATCH S10 42MM GPS
Silver สาย Denim S/M 46mm รุ่น GPS,TIKTOK,WS10G46,APPLE WATCH S10 46MM GPS
Silver สาย Denim S/M 42mm รุ่น Cellular,TIKTOK,WS10G42,APPLE WATCH S10 42MM GPS
Silver สาย Denim S/M 46mm รุ่น Cellular,TIKTOK,WS10G46,APPLE WATCH S10 46MM GPS
Rose Gold สาย Light Blush S/M 42mm รุ่นGPS,TIKTOK,WS10G42,APPLE WATCH S10 42MM GPS
Rose Gold สาย Light Blush S/M 46MM รุ่น GPS,TIKTOK,WS10G46,APPLE WATCH S10 46MM GPS
Rose Gold สาย Light Blush S/M 46MM รุ่น Cellular,TIKTOK,WS10G46,APPLE WATCH S10 46MM GPS
Jet Black สาย Black S/M 42MM รุ่นGPS,TIKTOK,WS10G42,APPLE WATCH S10 42MM GPS
Jet Black สาย Black S/M 46mm รุ่น GPS,TIKTOK,WS10G46,APPLE WATCH S10 46MM GPS
Jet Black สาย Black S/M 42MM รุ่น Cellular,TIKTOK,WS10G42,APPLE WATCH S10 42MM GPS
Jet Black สาย Black S/M 46mm รุ่น Cellular,TIKTOK,WS10G46,APPLE WATCH S10 46MM GPS
"iPad Pro M4 11"" 256GB Wi-Fi สีเงิน",TIKTOK,IPDPM411W256,"APPLE IPAD PRO M4 11"" WIFI 256 GB"
"iPad Pro M4 11"" 512GB Wi-Fi สีเงิน",TIKTOK,IPDP11W512,"APPLE IPAD PRO 11"" M2 WIFI 512 GB"
"iPad Pro M4 11"" 1 TB Wi-Fi กระจกมาตรฐาน สีเงิน",TIKTOK,IPDPM411W1TB,"APPLE IPAD PRO M4 11"" WIFI 1 TB"
"iPad Pro M4 13"" 256GB Wi-Fi สีเงิน",TIKTOK,IPDPM413W256,"APPLE IPAD PRO M4 13"" WIFI 256 GB"
"iPad Pro M4 13"" 512GB Wi-Fi สีเงิน",TIKTOK,IPDPM413W512,"APPLE IPAD PRO M4 13"" WIFI 512 GB"
"iPad Pro M4 13"" 1 TB Wi-Fi กระจกมาตรฐาน สีเงิน",TIKTOK,IPDPM411W1TB,"APPLE IPAD PRO M4 11"" WIFI 1 TB"
"iPad Pro M4 11"" 256GB Wi-Fi สีดำ",TIKTOK,IPDPM411W256,"APPLE IPAD PRO M4 11"" WIFI 256 GB"
"iPad Pro M4 11"" 512GB Wi-Fi สีดำ",TIKTOK,IPDP11W512,"APPLE IPAD PRO 11"" M2 WIFI 512 GB"
"iPad Pro M4 11"" 1 TB Wi-Fi กระจกมาตรฐาน สีดำ",TIKTOK,IPDPM411W1TB,"APPLE IPAD PRO M4 11"" WIFI 1 TB"
"iPad Pro M4 13"" 256GB Wi-Fi สีดำ",TIKTOK,IPDPM413W256,"APPLE IPAD PRO M4 13"" WIFI 256 GB"
"iPad Pro M4 13"" 512GB Wi-Fi สีดำ",TIKTOK,IPDPM413W512,"APPLE IPAD PRO M4 13"" WIFI 512 GB"
"iPad Pro M4 13"" 1 TB Wi-Fi กระจกมาตรฐาน สีดำ",TIKTOK,IPDPM411W1TB,"APPLE IPAD PRO M4 11"" WIFI 1 TB"
"iPad Pro M4 13"" 2 TB Wi-Fi กระจกมาตรฐาน สีดำ",TIKTOK,MBP8256,"APPLE NEW MACBOOK PRO 13"" M2 8/256"
PRO M4 Pro 14นิ้ว 24/1TB CPU แบบ12‑core GPU16‑core,TIKTOK,IPDPM411W1TB,"APPLE IPAD PRO M4 11"" WIFI 1 TB"
PRO M4 Pro 14นิ้ว 48/1TBCPU แบบ12‑core GPU16‑core,TIKTOK,IPDPM411W1TB,"APPLE IPAD PRO M4 11"" WIFI 1 TB"
PRO M4 Pro 16นิ้ว 24/512GB CPU 14‑core GPU 20‑core,TIKTOK,IPDPM413W512,"APPLE IPAD PRO M4 13"" WIFI 512 GB"
PRO M4 Pro 16นิ้ว 24/1TB CPU 14‑core GPU 20‑core,TIKTOK,IPDPM411W1TB,"APPLE IPAD PRO M4 11"" WIFI 1 TB"
PRO M4 Pro 16นิ้ว 48/512GB CPU 14‑core GPU 20‑core,TIKTOK,IPDPM413W512,"APPLE IPAD PRO M4 13"" WIFI 512 GB"
PRO M4 Pro 16นิ้ว 48/1TB CPU 14‑core GPU 20‑core,TIKTOK,IPDPM411W1TB,"APPLE IPAD PRO M4 11"" WIFI 1 TB"
PRO M4 Pro 14นิ้ว 24/512GB CPUแบบ12‑core GPU16‑cor,TIKTOK,IPDPM413W512,"APPLE IPAD PRO M4 13"" WIFI 512 GB"
PRO M4 Pro 14นิ้ว 24/1TB CPU แบบ12‑core GPU16‑core,TIKTOK,IPDPM411W1TB,"APPLE IPAD PRO M4 11"" WIFI 1 TB"
PRO M4 Pro 14นิ้ว 48/1TBCPU แบบ12‑core GPU16‑core,TIKTOK,IPDPM411W1TB,"APPLE IPAD PRO M4 11"" WIFI 1 TB"
PRO M4 Pro 16นิ้ว 24/512GB CPU 14‑core GPU 20‑core,TIKTOK,IPDPM413W512,"APPLE IPAD PRO M4 13"" WIFI 512 GB"
PRO M4 Pro 16นิ้ว 24/1TB CPU 14‑core GPU 20‑core,TIKTOK,IPDPM411W1TB,"APPLE IPAD PRO M4 11"" WIFI 1 TB"
PRO M4 Pro 16นิ้ว 48/512GB CPU 14‑core GPU 20‑core,TIKTOK,IPDPM413W512,"APPLE IPAD PRO M4 13"" WIFI 512 GB"
PRO M4 Pro 16นิ้ว 48/1TB CPU 14‑core GPU 20‑core,TIKTOK,IPDPM411W1TB,"APPLE IPAD PRO M4 11"" WIFI 1 TB"
Airpods4 ธรรมดา,TIKTOK,AP4,APPLE AIRPODS 4
AirPods 4 Active Noise Cancellation AC,TIKTOK,AP4,APPLE AIRPODS 4
Pencil USB-C รับประกัน 1 ปี,TIKTOK,P1,APPLE PENCIL 1
"iPad Pro M4 11"" 256GB Celular สีเงิน",TIKTOK,IPDPM411W256,"APPLE IPAD PRO M4 11"" WIFI 256 GB"
"iPad Pro M4 11"" 512GB Celular สีเงิน",TIKTOK,IPDP11W512,"APPLE IPAD PRO 11"" M2 WIFI 512 GB"
"iPad Pro M4 11"" 1 TB Celular สีเงิน",TIKTOK,IPDPM411W1TB,"APPLE IPAD PRO M4 11"" WIFI 1 TB"
"iPad Pro M4 11"" 256GB Celular สีเงิน",TIKTOK,IPDPM411W256,"APPLE IPAD PRO M4 11"" WIFI 256 GB"
"iPad Pro M4 13"" 512GB Celular สีเงิน",TIKTOK,IPDPM413W512,"APPLE IPAD PRO M4 13"" WIFI 512 GB"
"iPad Pro M4 13"" 1 TB Celular สีเงิน",TIKTOK,IPDPM411W1TB,"APPLE IPAD PRO M4 11"" WIFI 1 TB"
"iPad Pro M4 13"" 2 TB Celular สีเงิน",TIKTOK,MBP8256,"APPLE NEW MACBOOK PRO 13"" M2 8/256"
"iPad Pro M4 11"" 256GB Celular สีดำ",TIKTOK,IPDPM411W256,"APPLE IPAD PRO M4 11"" WIFI 256 GB"
"iPad Pro M4 11"" 512GB Celular สีดำ",TIKTOK,IPDP11W512,"APPLE IPAD PRO 11"" M2 WIFI 512 GB"
"iPad Pro M4 11"" 1 TB Celular  สีดำ",TIKTOK,IPDPM411W1TB,"APPLE IPAD PRO M4 11"" WIFI 1 TB"
"iPad Pro M4 13"" 256GB Celular สีดำ",TIKTOK,IPDPM413W256,"APPLE IPAD PRO M4 13"" WIFI 256 GB"
"iPad Pro M4 13"" 512GB Celular สีดำ",TIKTOK,IPDPM413W512,"APPLE IPAD PRO M4 13"" WIFI 512 GB"
"iPad Pro M4 13"" 1 TB Celular สีดำ",TIKTOK,IPDPM411W1TB,"APPLE IPAD PRO M4 11"" WIFI 1 TB"
"iPad Pro M4 13"" 2 TB Celular สีดำ",TIKTOK,MBP8256,"APPLE NEW MACBOOK PRO 13"" M2 8/256"
Silver สาย Purple Fog S/M 42MM รุ่น GPS,TIKTOK,WS10G42,APPLE WATCH S10 42MM GPS
Silver สาย Purple Fog S/M 46MM รุ่น GPS,TIKTOK,WS10G46,APPLE WATCH S10 46MM GPS
Silver สาย Purple Fog S/M 42MM รุ่น Cellular,TIKTOK,WS10G42,APPLE WATCH S10 42MM GPS
Silver สาย Purple Fog S/M 46MM รุ่น Cellular,TIKTOK,WS10G46,APPLE WATCH S10 46MM GPS
Silver สาย Purple Fog 46MM รุ่น Cellular,TIKTOK,WS10G46,APPLE WATCH S10 46MM GPS
Rose Gold สาย Light Blush S/M 42MM รุ่น GPS,TIKTOK,WS10G42,APPLE WATCH S10 42MM GPS
Rose Gold สาย Light Blush S/M 46MM รุ่น GPS,TIKTOK,WS10G46,APPLE WATCH S10 46MM GPS
Rose Gold สาย Light Blush S/M 42MM รุ่น Cellular,TIKTOK,WS10G42,APPLE WATCH S10 42MM GPS
Rose Gold สาย Light Blush S/M 46MM รุ่น Cellular,TIKTOK,WS10G46,APPLE WATCH S10 46MM GPS
Jet Black สาย Black S/M 42MM รุ่น GPS,TIKTOK,WS10G42,APPLE WATCH S10 42MM GPS
Jet Black สาย Black S/M 46MM รุ่น GPS,TIKTOK,WS10G46,APPLE WATCH S10 46MM GPS
Jet Black สาย Black S/M 42MM รุ่น Cellular,TIKTOK,WS10G42,APPLE WATCH S10 42MM GPS
Jet Black สาย Black 42MM รุ่น Cellular,TIKTOK,WS10G42,APPLE WATCH S10 42MM GPS
Jet Black สาย Black S/M 46MM รุ่น Cellular,TIKTOK,WS10G46,APPLE WATCH S10 46MM GPS
Jet Black สาย Black 46MM รุ่น Cellular,TIKTOK,WS10G46,APPLE WATCH S10 46MM GPS
Space Grey สาย Black S/M 42MM รุ่น GPS,TIKTOK,WS10G42,APPLE WATCH S10 42MM GPS
Space Grey สาย Black M/L 42MM รุ่น GPS,TIKTOK,WS10G42,APPLE WATCH S10 42MM GPS
Space Grey สาย Black S/M 46MM รุ่น GPS,TIKTOK,WS10G46,APPLE WATCH S10 46MM GPS
Space Grey สาย Black M/L 46MM รุ่น GPS,TIKTOK,WS10G46,APPLE WATCH S10 46MM GPS
Space Grey สาย Black S/M 42MM รุ่น Cellular,TIKTOK,WS10G42,APPLE WATCH S10 42MM GPS
Space Grey สาย Black 42MM รุ่น Cellular,TIKTOK,WS10G42,APPLE WATCH S10 42MM GPS
Space Grey สาย Black S/M 46MM รุ่น Cellular,TIKTOK,WS10G46,APPLE WATCH S10 46MM GPS
Space Grey สาย Black 46MM รุ่น Cellular,TIKTOK,WS10G46,APPLE WATCH S10 46MM GPS
"iPad Pro M5 13"" 256GB Wi-Fi สีเงิน",TIKTOK,IPDPM413W256,"APPLE IPAD PRO M4 13"" WIFI 256 GB"
"iPad Pro M5 13"" 512GB Wi-Fi สีเงิน",TIKTOK,IPDPM413W512,"APPLE IPAD PRO M4 13"" WIFI 512 GB"
"iPad Pro M5 13"" 1 TB Wi-Fi สีเงิน",TIKTOK,MBP8256,"APPLE NEW MACBOOK PRO 13"" M2 8/256"
"iPad Pro M5 13"" 2 TB Wi-Fi สีเงิน",TIKTOK,MBP8256,"APPLE NEW MACBOOK PRO 13"" M2 8/256"
"iPad Pro M5 13"" 256GB Celular สีเงิน",TIKTOK,IPDPM413W256,"APPLE IPAD PRO M4 13"" WIFI 256 GB"
"iPad Pro M5 13"" 512GB Celular สีเงิน",TIKTOK,IPDPM413W512,"APPLE IPAD PRO M4 13"" WIFI 512 GB"
"iPad Pro M5 13"" 1 TB Celular สีเงิน",TIKTOK,MBP8256,"APPLE NEW MACBOOK PRO 13"" M2 8/256"
"iPad Pro M5 13"" 2 TB Celular สีเงิน",TIKTOK,MBP8256,"APPLE NEW MACBOOK PRO 13"" M2 8/256"
"iPad Pro M5 13"" 256GB Wi-Fi สีดำ",TIKTOK,IPDPM413W256,"APPLE IPAD PRO M4 13"" WIFI 256 GB"
"iPad Pro M5 13"" 512GB Wi-Fi สีดำ",TIKTOK,IPDPM413W512,"APPLE IPAD PRO M4 13"" WIFI 512 GB"
"iPad Pro M5 13"" 1 TB Wi-Fi สีดำ",TIKTOK,MBP8256,"APPLE NEW MACBOOK PRO 13"" M2 8/256"
"iPad Pro M5 13"" 2 TB Wi-Fi สีดำ",TIKTOK,MBP8256,"APPLE NEW MACBOOK PRO 13"" M2 8/256"
"iPad Pro M5 13"" 256GB Celular สีดำ",TIKTOK,IPDPM413W256,"APPLE IPAD PRO M4 13"" WIFI 256 GB"
"iPad Pro M5 13"" 512GB Celular สีดำ",TIKTOK,IPDPM413W512,"APPLE IPAD PRO M4 13"" WIFI 512 GB"
"iPad Pro M5 13"" 1 TB Celular  สีดำ",TIKTOK,MBP8256,"APPLE NEW MACBOOK PRO 13"" M2 8/256"
"iPad Pro M5 13"" 2 TB Celular  สีดำ",TIKTOK,MBP8256,"APPLE NEW MACBOOK PRO 13"" M2 8/256"
13 128GB สีดำ,TIKTOK,IP13128,APPLE IPHONE 13 128 GB
"iPad Pro M5 11"" 256GB Wi-Fi สีเงิน",TIKTOK,IPDP11W256,"APPLE IPAD PRO 11"" M2 WIFI 256 GB"
"iPad Pro M5 11"" 512GB Wi-Fi สีเงิน",TIKTOK,IPDP11W512,"APPLE IPAD PRO 11"" M2 WIFI 512 GB"
"iPad Pro M5 11"" 1 TB Wi-Fi สีเงิน",TIKTOK,IPDPM411W1TB,"APPLE IPAD PRO M4 11"" WIFI 1 TB"
"iPad Pro M5 11"" 256GB Celular สีเงิน",TIKTOK,IPDP11W256,"APPLE IPAD PRO 11"" M2 WIFI 256 GB"
"iPad Pro M5 11"" 512GB Celular สีเงิน",TIKTOK,IPDP11W512,"APPLE IPAD PRO 11"" M2 WIFI 512 GB"
"iPad Pro M5 11"" 1 TB Celular สีเงิน",TIKTOK,IPDPM411W1TB,"APPLE IPAD PRO M4 11"" WIFI 1 TB"
"iPad Pro M5 11"" 256GB Wi-Fi สีดำ",TIKTOK,IPDP11W256,"APPLE IPAD PRO 11"" M2 WIFI 256 GB"
"iPad Pro M5 11"" 512GB Wi-Fi สีดำ",TIKTOK,IPDP11W512,"APPLE IPAD PRO 11"" M2 WIFI 512 GB"
"iPad Pro M5 11"" 1 TB Wi-Fi สีดำ",TIKTOK,IPDPM411W1TB,"APPLE IPAD PRO M4 11"" WIFI 1 TB"
"iPad Pro M5 11"" 256GB Celular สีดำ",TIKTOK,IPDP11W256,"APPLE IPAD PRO 11"" M2 WIFI 256 GB"
"iPad Pro M5 11"" 512GB Celular สีดำ",TIKTOK,IPDP11W512,"APPLE IPAD PRO 11"" M2 WIFI 512 GB"
"iPad Pro M5 11"" 1 TB Celular  สีดำ",TIKTOK,IPDPM411W1TB,"APPLE IPAD PRO M4 11"" WIFI 1 TB"
"iPad Air 7 Space Gray  11"" 128GB Wi-Fi",TIKTOK,IPDA7M311W128,"APPLE IPAD AIR 7 11"" M3 WIFI 128 GB"
"iPad Air 7 Space Gray  11"" 256GB Wi-Fi",TIKTOK,IPDA7M311W256,"APPLE IPAD AIR 7 11"" M3 WIFI 256 GB"
"iPad Air 7 Space Gray  11"" 512GB Wi-Fi",TIKTOK,IPDA611W512,"APPLE IPAD AIR 6 11"" WIFI 512 GB"
"iPad Air 7 Space Gray  11"" 1 TB Wi-Fi",TIKTOK,IPDA7M311W1T,"APPLE IPAD AIR 7 11"" M3 WIFI 1 TB"
"iPad Air 7 Blue  11"" 128GB Wi-Fi",TIKTOK,IPDA7M311W128,"APPLE IPAD AIR 7 11"" M3 WIFI 128 GB"
"iPad Air 7 Blue  11"" 256GB Wi-Fi",TIKTOK,IPDA7M311W256,"APPLE IPAD AIR 7 11"" M3 WIFI 256 GB"
"iPad Air 7 Blue  11"" 512GB Wi-Fi",TIKTOK,IPDA611W512,"APPLE IPAD AIR 6 11"" WIFI 512 GB"
"iPad Air 7 Blue  11"" 1 TB Wi-Fi",TIKTOK,IPDA7M311W1T,"APPLE IPAD AIR 7 11"" M3 WIFI 1 TB"
"iPad Air 7 Purple  11"" 128GB Wi-Fi",TIKTOK,IPDA7M311W128,"APPLE IPAD AIR 7 11"" M3 WIFI 128 GB"
"iPad Air 7 Purple  11"" 256GB Wi-Fi",TIKTOK,IPDA7M311W256,"APPLE IPAD AIR 7 11"" M3 WIFI 256 GB"
"iPad Air 7 Purple  11"" 512GB Wi-Fi",TIKTOK,IPDA611W512,"APPLE IPAD AIR 6 11"" WIFI 512 GB"
"iPad Air 7 Purple  11"" 1 TB Wi-Fi",TIKTOK,IPDA7M311W1T,"APPLE IPAD AIR 7 11"" M3 WIFI 1 TB"
"iPad Air 7 Starlight  11"" 128GB Wi-Fi",TIKTOK,IPDA7M311W128,"APPLE IPAD AIR 7 11"" M3 WIFI 128 GB"
"iPad Air 7 Starlight  11"" 256GB Wi-Fi",TIKTOK,IPDA7M311W256,"APPLE IPAD AIR 7 11"" M3 WIFI 256 GB"
"iPad Air 7 Starlight  11"" 512GB Wi-Fi",TIKTOK,IPDA611W512,"APPLE IPAD AIR 6 11"" WIFI 512 GB"
"iPad Air 7 Starlight  11"" 1 TB Wi-Fi",TIKTOK,IPDA7M311W1T,"APPLE IPAD AIR 7 11"" M3 WIFI 1 TB"
iPhone 16 Plus 128GB น้ำเงินอัลตร้ามา No Activated,TIKTOK,IP16PL128,APPLE IPHONE 16 PLUS 128 GB
iPhone 16 Plus 128GB น้ำเงินอัลตร้ามารีน Activated,TIKTOK,IP16PL128,APPLE IPHONE 16 PLUS 128 GB
iPhone 16 Plus 256GB น้ำเงินอัลตร้ามา No Activated,TIKTOK,IP16PL256,APPLE IPHONE 16 PLUS 256 GB
iPhone 16 Plus 256GB น้ำเงินอัลตร้ามารีน Activated,TIKTOK,IP16PL256,APPLE IPHONE 16 PLUS 256 GB
iPhone 16 Plus 512GB น้ำเงินอัลตร้ามา No Activated,TIKTOK,IP16PL512,APPLE IPHONE 16 PLUS 512 GB
iPhone 16 Plus 512GB น้ำเงินอัลตร้ามารีน Activated,TIKTOK,IP16PL512,APPLE IPHONE 16 PLUS 512 GB
iPhone 16 Plus 128GB เขียวอมฟ้า No Activated,TIKTOK,IP16PL128,APPLE IPHONE 16 PLUS 128 GB
iPhone 16 Plus 128GB เขียวอมฟ้า Activated,TIKTOK,IP16PL128,APPLE IPHONE 16 PLUS 128 GB
iPhone 16 Plus 256GB เขียวอมฟ้า No Activated,TIKTOK,IP16PL256,APPLE IPHONE 16 PLUS 256 GB
iPhone 16 Plus 256GB เขียวอมฟ้า Activated,TIKTOK,IP16PL256,APPLE IPHONE 16 PLUS 256 GB
iPhone 16 Plus 512GB เขียวอมฟ้า No Activated,TIKTOK,IP16PL512,APPLE IPHONE 16 PLUS 512 GB
iPhone 16 Plus 512GB เขียวอมฟ้า Activated,TIKTOK,IP16PL512,APPLE IPHONE 16 PLUS 512 GB
iPhone 16 Plus 128GB สีชมพู No Activated,TIKTOK,IP16PL128,APPLE IPHONE 16 PLUS 128 GB
iPhone 16 Plus 128GB สีชมพู Activated,TIKTOK,IP16PL128,APPLE IPHONE 16 PLUS 128 GB
iPhone 16 Plus 256GB สีชมพู No Activated,TIKTOK,IP16PL256,APPLE IPHONE 16 PLUS 256 GB
iPhone 16 Plus 256GB สีชมพู Activated,TIKTOK,IP16PL256,APPLE IPHONE 16 PLUS 256 GB
iPhone 16 Plus 512GB สีชมพู No Activated,TIKTOK,IP16PL512,APPLE IPHONE 16 PLUS 512 GB
iPhone 16 Plus 512GB สีชมพู Activated,TIKTOK,IP16PL512,APPLE IPHONE 16 PLUS 512 GB
iPhone 16 Plus 128GB สีขาว No Activated,TIKTOK,IP16PL128,APPLE IPHONE 16 PLUS 128 GB
iPhone 16 Plus 128GB สีขาว Activated,TIKTOK,IP16PL128,APPLE IPHONE 16 PLUS 128 GB
iPhone 16 Plus 256GB สีขาว No Activated,TIKTOK,IP16PL256,APPLE IPHONE 16 PLUS 256 GB
iPhone 16 Plus 256GB สีขาว Activated,TIKTOK,IP16PL256,APPLE IPHONE 16 PLUS 256 GB
iPhone 16 Plus 512GB สีขาว No Activated,TIKTOK,IP16PL512,APPLE IPHONE 16 PLUS 512 GB
iPhone 16 Plus 512GB สีขาว Activated,TIKTOK,IP16PL512,APPLE IPHONE 16 PLUS 512 GB
iPhone 16 Plus 128GB สีดำ No Activated,TIKTOK,IP16PL128,APPLE IPHONE 16 PLUS 128 GB
iPhone 16 Plus 128GB สีดำ Activated,TIKTOK,IP16PL128,APPLE IPHONE 16 PLUS 128 GB
iPhone 16 Plus 256GB สีดำ No Activated,TIKTOK,IP16PL256,APPLE IPHONE 16 PLUS 256 GB
iPhone 16 Plus 256GB สีดำ Activated,TIKTOK,IP16PL256,APPLE IPHONE 16 PLUS 256 GB
iPhone 16 Plus 512GB สีดำ No Activated,TIKTOK,IP16PL512,APPLE IPHONE 16 PLUS 512 GB
iPhone 16 Plus 512GB สีดำ Activated,TIKTOK,IP16PL512,APPLE IPHONE 16 PLUS 512 GB
MacBook PRO M5 16/512GB Silver,TIKTOK,VVX200P16512,VIVO X200 PRO 16/512GB
MacBook PRO M5 16/512GB Space Black,TIKTOK,VVX200P16512,VIVO X200 PRO 16/512GB
"iPad Air 7 11"" 128GB Wi-Fi+Cellular สีดำ",TIKTOK,IPDA7M311C128,"APPLE IPAD AIR 7 11"" M3 WIFI+CELLULAR 128 GB"
"iPad Air 7 11"" 256GB Wi-Fi+Cellular สีดำ",TIKTOK,IPDA7M311C256,"APPLE IPAD AIR 7 11"" M3 WIFI+CELLULAR 256 GB"
"iPad Air 7 11"" 512GB Wi-Fi+Cellular สีดำ",TIKTOK,IPDA611W512,"APPLE IPAD AIR 6 11"" WIFI 512 GB"
"iPad Air 7 11"" 1 TB Wi-Fi+Cellular สีดำ",TIKTOK,IPDA7M311W1T,"APPLE IPAD AIR 7 11"" M3 WIFI 1 TB"
"iPad Air 7 13"" 128GB Wi-Fi+Cellular สีดำ",TIKTOK,IPDA7M311C128,"APPLE IPAD AIR 7 11"" M3 WIFI+CELLULAR 128 GB"
"iPad Air 7 13"" 256GB Wi-Fi+Cellular สีดำ",TIKTOK,IPDA613C256,"APPLE IPAD AIR 6 13"" WIFI+CELLULAR 256 GB"
"iPad Air 7 13"" 1 TB Wi-Fi+Cellular สีดำ",TIKTOK,IPDA7M311W1T,"APPLE IPAD AIR 7 11"" M3 WIFI 1 TB"
"iPad Air 7 11"" 128GB Wi-Fi+Cellular สีบลู",TIKTOK,IPDA7M311C128,"APPLE IPAD AIR 7 11"" M3 WIFI+CELLULAR 128 GB"
"iPad Air 7 11"" 256GB Wi-Fi+Cellular สีบลู",TIKTOK,IPDA7M311C256,"APPLE IPAD AIR 7 11"" M3 WIFI+CELLULAR 256 GB"
"iPad Air 7 11"" 512GB Wi-Fi+Cellular สีบลู",TIKTOK,IPDA611W512,"APPLE IPAD AIR 6 11"" WIFI 512 GB"
"iPad Air 7 11"" 1 TB Wi-Fi+Cellular สีบลู",TIKTOK,IPDA7M311W1T,"APPLE IPAD AIR 7 11"" M3 WIFI 1 TB"
"iPad Air 7 13"" 128GB Wi-Fi+Cellular สีบลู",TIKTOK,IPDA7M311C128,"APPLE IPAD AIR 7 11"" M3 WIFI+CELLULAR 128 GB"
"iPad Air 7 13"" 256GB Wi-Fi+Cellular สีบลู",TIKTOK,IPDA613C256,"APPLE IPAD AIR 6 13"" WIFI+CELLULAR 256 GB"
"iPad Air 7 13"" 1 TB Wi-Fi+Cellular สีบลู",TIKTOK,IPDA7M311W1T,"APPLE IPAD AIR 7 11"" M3 WIFI 1 TB"
"iPad Air 7 11"" 128GB Wi-Fi+Cellular สีม่วง",TIKTOK,IPDA7M311C128,"APPLE IPAD AIR 7 11"" M3 WIFI+CELLULAR 128 GB"
"iPad Air 7 11"" 256GB Wi-Fi+Cellular สีม่วง",TIKTOK,IPDA7M311C256,"APPLE IPAD AIR 7 11"" M3 WIFI+CELLULAR 256 GB"
"iPad Air 7 11"" 512GB Wi-Fi+Cellular สีม่วง",TIKTOK,IPDA611W512,"APPLE IPAD AIR 6 11"" WIFI 512 GB"
"iPad Air 7 11"" 1 TB Wi-Fi+Cellular สีม่วง",TIKTOK,IPDA7M311W1T,"APPLE IPAD AIR 7 11"" M3 WIFI 1 TB"
"iPad Air 7 13"" 128GB Wi-Fi+Cellular สีม่วง",TIKTOK,IPDA7M311C128,"APPLE IPAD AIR 7 11"" M3 WIFI+CELLULAR 128 GB"
"iPad Air 7 13"" 256GB Wi-Fi+Cellular สีม่วง",TIKTOK,IPDA613C256,"APPLE IPAD AIR 6 13"" WIFI+CELLULAR 256 GB"
"iPad Air 7 13"" 1 TB Wi-Fi+Cellular สีม่วง",TIKTOK,IPDA7M311W1T,"APPLE IPAD AIR 7 11"" M3 WIFI 1 TB"
"iPad Air 7 11"" 128GB Wi-Fi+Cellular สีสตาร์ไลท์",TIKTOK,IPDA7M311C128,"APPLE IPAD AIR 7 11"" M3 WIFI+CELLULAR 128 GB"
"iPad Air 7 11"" 256GB Wi-Fi+Cellular สีสตาร์ไลท์",TIKTOK,IPDA7M311C256,"APPLE IPAD AIR 7 11"" M3 WIFI+CELLULAR 256 GB"
"iPad Air 7 11"" 512GB Wi-Fi+Cellular สีสตาร์ไลท์",TIKTOK,IPDA611W512,"APPLE IPAD AIR 6 11"" WIFI 512 GB"
"iPad Air 7 11"" 1 TB Wi-Fi+Cellular สีสตาร์ไลท์",TIKTOK,IPDA7M311W1T,"APPLE IPAD AIR 7 11"" M3 WIFI 1 TB"
"iPad Air 7 13"" 128GB Wi-Fi+Cellular สีสตาร์ไลท์",TIKTOK,IPDA7M311C128,"APPLE IPAD AIR 7 11"" M3 WIFI+CELLULAR 128 GB"
"iPad Air 7 13"" 256GB Wi-Fi+Cellular สีสตาร์ไลท์",TIKTOK,IPDA613C256,"APPLE IPAD AIR 6 13"" WIFI+CELLULAR 256 GB"
"iPad Air 7 13"" 1 TB Wi-Fi+Cellular สีสตาร์ไลท์",TIKTOK,IPDA7M311W1T,"APPLE IPAD AIR 7 11"" M3 WIFI 1 TB"
"iPad Air 7 Space Gray  13"" 128GB Wi-Fi",TIKTOK,IPDA613W128,"APPLE IPAD AIR 6 13"" WIFI 128 GB"
"iPad Air 7 Space Gray  13"" 256GB Wi-Fi",TIKTOK,IPDA613W256,"APPLE IPAD AIR 6 13"" WIFI 256 GB"
"iPad Air 7 Space Gray  13"" 1 TB Wi-Fi",TIKTOK,IPDA7M311W1T,"APPLE IPAD AIR 7 11"" M3 WIFI 1 TB"
"iPad Air 7 Blue  13"" 128GB Wi-Fi",TIKTOK,IPDA613W128,"APPLE IPAD AIR 6 13"" WIFI 128 GB"
"iPad Air 7 Blue  13"" 256GB Wi-Fi",TIKTOK,IPDA613W256,"APPLE IPAD AIR 6 13"" WIFI 256 GB"
"iPad Air 7 Blue  13"" 1 TB Wi-Fi",TIKTOK,IPDA7M311W1T,"APPLE IPAD AIR 7 11"" M3 WIFI 1 TB"
"iPad Air 7 Purple  13"" 128GB Wi-Fi",TIKTOK,IPDA613W128,"APPLE IPAD AIR 6 13"" WIFI 128 GB"
"iPad Air 7 Purple  13"" 256GB Wi-Fi",TIKTOK,IPDA613W256,"APPLE IPAD AIR 6 13"" WIFI 256 GB"
"iPad Air 7 Purple  13"" 1 TB Wi-Fi",TIKTOK,IPDA7M311W1T,"APPLE IPAD AIR 7 11"" M3 WIFI 1 TB"
"iPad Air 7 Starlight  13"" 128GB Wi-Fi",TIKTOK,IPDA613W128,"APPLE IPAD AIR 6 13"" WIFI 128 GB"
"iPad Air 7 Starlight  13"" 256GB Wi-Fi",TIKTOK,IPDA613W256,"APPLE IPAD AIR 6 13"" WIFI 256 GB"
"iPad Air 7 Starlight  13"" 1 TB Wi-Fi",TIKTOK,IPDA7M311W1T,"APPLE IPAD AIR 7 11"" M3 WIFI 1 TB"
iPad mini 7 256GB WiFi สีดำ,TIKTOK,IPDM7W256,APPLE IPAD MINI 7 WIFI 256 GB
iPad mini 7 256GB Cellular สีดำ,TIKTOK,IPDM7C256,APPLE IPAD MINI 7 WIFI+CELLULAR 256 GB
iPad mini 7 256GB WiFi สีบลู,TIKTOK,IPDM7W256,APPLE IPAD MINI 7 WIFI 256 GB
iPad mini 7 256GB Cellular สีสตาร์ไลท์,TIKTOK,IPDM7C256,APPLE IPAD MINI 7 WIFI+CELLULAR 256 GB
iPad mini 7 256GB WiFi สีม่วง,TIKTOK,IPDM7W256,APPLE IPAD MINI 7 WIFI 256 GB
iPad mini 7 256GB Cellular สีม่วง,TIKTOK,IPDM7C256,APPLE IPAD MINI 7 WIFI+CELLULAR 256 GB
iPad mini 7 256GB WiFi สีสตาร์ไลท์,TIKTOK,IPDM7W256,APPLE IPAD MINI 7 WIFI 256 GB
iPad mini 7 256GB Cellular สีสตาร์ไลท์,TIKTOK,IPDM7C256,APPLE IPAD MINI 7 WIFI+CELLULAR 256 GB
13 128GB สีชมพู,TIKTOK,IP13128,APPLE IPHONE 13 128 GB
13 128GB สีบลู,TIKTOK,IP13128,APPLE IPHONE 13 128 GB
13 128GB สีดำ,TIKTOK,IP13128,APPLE IPHONE 13 128 GB
13 128GB สีแดง,TIKTOK,IP13128,APPLE IPHONE 13 128 GB
"iPad Air 6 Wi-Fi Space Gray  11"" 128GB",TIKTOK,IPDA611W128,"APPLE IPAD AIR 6 11"" WIFI 128 GB"
"iPad Air 6 Wi-Fi + Cellular Space Gray  11"" 128GB",TIKTOK,IPDA611C128,"APPLE IPAD AIR 6 11"" WIFI+CELLULAR 128 GB"
"iPad Air 6 Wi-Fi Space Gray  11"" 256GB",TIKTOK,IPDA611W256,"APPLE IPAD AIR 6 11"" WIFI 256 GB"
"iPad Air 6 Wi-Fi + CellularSpace Gray  11"" 256GB",TIKTOK,IPDA611W256,"APPLE IPAD AIR 6 11"" WIFI 256 GB"
"iPad Air 6 Wi-Fi Space Gray  11"" 512GB",TIKTOK,IPDA611W512,"APPLE IPAD AIR 6 11"" WIFI 512 GB"
"iPad Air 6 Wi-Fi + CellularSpace Gray  11"" 512GB",TIKTOK,IPDA611W512,"APPLE IPAD AIR 6 11"" WIFI 512 GB"
"iPad Air 6 Wi-Fi Space Gray  11"" 1 TB",TIKTOK,IPDA7M311W1T,"APPLE IPAD AIR 7 11"" M3 WIFI 1 TB"
"iPad Air 6 Wi-Fi + Cellular Space Gray  11"" 1 TB",TIKTOK,IPDA7M311W1T,"APPLE IPAD AIR 7 11"" M3 WIFI 1 TB"
"iPad Air 6 Wi-Fi Space Gray  13"" 128GB",TIKTOK,IPDA613W128,"APPLE IPAD AIR 6 13"" WIFI 128 GB"
"iPad Air 6 Wi-Fi + Cellular Space Gray  13"" 128GB",TIKTOK,IPDA613W128,"APPLE IPAD AIR 6 13"" WIFI 128 GB"
"iPad Air 6 Wi-Fi Space Gray  13"" 256GB",TIKTOK,IPDA613W256,"APPLE IPAD AIR 6 13"" WIFI 256 GB"
"iPad Air 6 Wi-Fi + Cellular Space Gray  13"" 256GB",TIKTOK,IPDA613C256,"APPLE IPAD AIR 6 13"" WIFI+CELLULAR 256 GB"
"iPad Air 6 Wi-Fi Space Gray  13"" 512GB",TIKTOK,IPDA611W512,"APPLE IPAD AIR 6 11"" WIFI 512 GB"
"iPad Air 6 Wi-Fi + Cellular Space Gray  13"" 512GB",TIKTOK,IPDA611W512,"APPLE IPAD AIR 6 11"" WIFI 512 GB"
"iPad Air 6 Wi-Fi Blue  11"" 128GB",TIKTOK,IPDA611W128,"APPLE IPAD AIR 6 11"" WIFI 128 GB"
"iPad Air 6 Wi-Fi + Cellular Blue  11"" 128GB",TIKTOK,IPDA611C128,"APPLE IPAD AIR 6 11"" WIFI+CELLULAR 128 GB"
"iPad Air 6 Wi-Fi Blue  11"" 256GB",TIKTOK,IPDA611W256,"APPLE IPAD AIR 6 11"" WIFI 256 GB"
"iPad Air 6 Wi-Fi + Cellular Blue  11"" 256GB",TIKTOK,IPDA611W256,"APPLE IPAD AIR 6 11"" WIFI 256 GB"
"iPad Air 6 Wi-Fi Blue  11"" 512GB",TIKTOK,IPDA611W512,"APPLE IPAD AIR 6 11"" WIFI 512 GB"
"iPad Air 6 Wi-Fi + Cellular Blue  11"" 512GB",TIKTOK,IPDA611W512,"APPLE IPAD AIR 6 11"" WIFI 512 GB"
"iPad Air 6 Wi-Fi Blue  11"" 1 TB",TIKTOK,IPDA7M311W1T,"APPLE IPAD AIR 7 11"" M3 WIFI 1 TB"
"iPad Air 6 Wi-Fi Blue  13"" 128GB",TIKTOK,IPDA613W128,"APPLE IPAD AIR 6 13"" WIFI 128 GB"
"iPad Air 6 Wi-Fi + Cellular Blue  13"" 128GB",TIKTOK,IPDA613W128,"APPLE IPAD AIR 6 13"" WIFI 128 GB"
"iPad Air 6 Wi-Fi Blue  13"" 256GB",TIKTOK,IPDA613W256,"APPLE IPAD AIR 6 13"" WIFI 256 GB"
"iPad Air 6 Wi-Fi + Cellular Blue  13"" 256GB",TIKTOK,IPDA613C256,"APPLE IPAD AIR 6 13"" WIFI+CELLULAR 256 GB"
"iPad Air 6 Wi-Fi Blue  13"" 512GB",TIKTOK,IPDA611W512,"APPLE IPAD AIR 6 11"" WIFI 512 GB"
"iPad Air 6 Wi-Fi + Cellular Blue  13"" 512GB",TIKTOK,IPDA611W512,"APPLE IPAD AIR 6 11"" WIFI 512 GB"
"iPad Air 6 Wi-Fi Purple  11"" 128GB",TIKTOK,IPDA611W128,"APPLE IPAD AIR 6 11"" WIFI 128 GB"
"iPad Air 6 Wi-Fi + Cellular Purple  11"" 128GB",TIKTOK,IPDA611C128,"APPLE IPAD AIR 6 11"" WIFI+CELLULAR 128 GB"
"iPad Air 6 Wi-Fi Purple  11"" 256GB",TIKTOK,IPDA611W256,"APPLE IPAD AIR 6 11"" WIFI 256 GB"
"iPad Air 6 Wi-Fi + Cellular Purple  11"" 256GB",TIKTOK,IPDA611W256,"APPLE IPAD AIR 6 11"" WIFI 256 GB"
"iPad Air 6 Wi-Fi Purple  11"" 512GB",TIKTOK,IPDA611W512,"APPLE IPAD AIR 6 11"" WIFI 512 GB"
"iPad Air 6 Wi-Fi + Cellular Purple  11"" 512GB",TIKTOK,IPDA611W512,"APPLE IPAD AIR 6 11"" WIFI 512 GB"
"iPad Air 6 Wi-Fi Purple  11"" 1 TB",TIKTOK,IPDA7M311W1T,"APPLE IPAD AIR 7 11"" M3 WIFI 1 TB"
"iPad Air 6 Wi-Fi + Cellular Purple  11"" 1 TB",TIKTOK,IPDA7M311W1T,"APPLE IPAD AIR 7 11"" M3 WIFI 1 TB"
"iPad Air 6 Wi-Fi Purple  13"" 128GB",TIKTOK,IPDA613W128,"APPLE IPAD AIR 6 13"" WIFI 128 GB"
"iPad Air 6 Wi-Fi + Cellular Purple  13"" 128GB",TIKTOK,IPDA613W128,"APPLE IPAD AIR 6 13"" WIFI 128 GB"
"iPad Air 6 Wi-Fi Purple  13"" 256GB",TIKTOK,IPDA613W256,"APPLE IPAD AIR 6 13"" WIFI 256 GB"
"iPad Air 6 Wi-Fi + Cellular Purple  13"" 256GB",TIKTOK,IPDA613C256,"APPLE IPAD AIR 6 13"" WIFI+CELLULAR 256 GB"
"iPad Air 6 Wi-Fi Purple  13"" 512GB",TIKTOK,IPDA611W512,"APPLE IPAD AIR 6 11"" WIFI 512 GB"
"iPad Air 6 Wi-Fi + Cellular Purple  13"" 512GB",TIKTOK,IPDA611W512,"APPLE IPAD AIR 6 11"" WIFI 512 GB"
"iPad Air 6 Wi-Fi Starlight  11"" 128GB",TIKTOK,IPDA611W128,"APPLE IPAD AIR 6 11"" WIFI 128 GB"
"iPad Air 6 Wi-Fi + Cellular Starlight  11"" 128GB",TIKTOK,IPDA611C128,"APPLE IPAD AIR 6 11"" WIFI+CELLULAR 128 GB"
"iPad Air 6 Wi-Fi Starlight  11"" 256GB",TIKTOK,IPDA611W256,"APPLE IPAD AIR 6 11"" WIFI 256 GB"
"iPad Air 6 Wi-Fi + Cellular Starlight  11"" 256GB",TIKTOK,IPDA611W256,"APPLE IPAD AIR 6 11"" WIFI 256 GB"
"iPad Air 6 Wi-Fi Starlight  11"" 512GB",TIKTOK,IPDA611W512,"APPLE IPAD AIR 6 11"" WIFI 512 GB"
"iPad Air 6 Wi-Fi + Cellular Starlight  11"" 512GB",TIKTOK,IPDA611W512,"APPLE IPAD AIR 6 11"" WIFI 512 GB"
"iPad Air 6 Wi-Fi Starlight  11"" 1 TB",TIKTOK,IPDA7M311W1T,"APPLE IPAD AIR 7 11"" M3 WIFI 1 TB"
"iPad Air 6 Wi-Fi + Cellular Starlight  11"" 1 TB",TIKTOK,IPDA7M311W1T,"APPLE IPAD AIR 7 11"" M3 WIFI 1 TB"
"iPad Air 6 Wi-Fi Starlight  13"" 128GB",TIKTOK,IPDA613W128,"APPLE IPAD AIR 6 13"" WIFI 128 GB"
"iPad Air 6 Wi-Fi + Cellular Starlight  13"" 128GB",TIKTOK,IPDA613W128,"APPLE IPAD AIR 6 13"" WIFI 128 GB"
"iPad Air 6 Wi-Fi Starlight  13"" 256GB",TIKTOK,IPDA613W256,"APPLE IPAD AIR 6 13"" WIFI 256 GB"
"iPad Air 6 Wi-Fi + Cellular Starlight  13"" 256GB",TIKTOK,IPDA613C256,"APPLE IPAD AIR 6 13"" WIFI+CELLULAR 256 GB"
"iPad Air 6 Wi-Fi Starlight  13"" 512GB",TIKTOK,IPDA611W512,"APPLE IPAD AIR 6 11"" WIFI 512 GB"
"iPad Air 6 Wi-Fi + Cellular Starlight  13"" 512GB",TIKTOK,IPDA611W512,"APPLE IPAD AIR 6 11"" WIFI 512 GB"
Airpods Pro 2 USB-C ประกันเต็มปี,TIKTOK,APP2,APPLE AIRPODS PRO 2
Airpods4 ธรรมดา,TIKTOK,AP4,APPLE AIRPODS 4
AirPods 4 Active Noise Cancellation Activated,TIKTOK,AP4,APPLE AIRPODS 4
Airpods Pro 3 USB-C ประกันเต็มปี,TIKTOK,SB3P001,SAMSUNG GALAXY BUDS3 PRO
Airpods4 ธรรมดา,TIKTOK,AP4,APPLE AIRPODS 4
AirPods 4 Active Noise Cancellation,TIKTOK,AP4,APPLE AIRPODS 4
iPad mini 7 256GB WiFi สีดำ,TIKTOK,IPDM7W256,APPLE IPAD MINI 7 WIFI 256 GB
iPad mini 7 256GB Cellular สีดำ,TIKTOK,IPDM7C256,APPLE IPAD MINI 7 WIFI+CELLULAR 256 GB
iPad mini 7 256GB WiFi สีบลู,TIKTOK,IPDM7W256,APPLE IPAD MINI 7 WIFI 256 GB
iPad mini 7 256GB Cellular สีบลู,TIKTOK,IPDM7C256,APPLE IPAD MINI 7 WIFI+CELLULAR 256 GB
iPad mini 7 256GB WiFi สีม่วง,TIKTOK,IPDM7W256,APPLE IPAD MINI 7 WIFI 256 GB
iPad mini 7 256GB Cellular สีม่วง,TIKTOK,IPDM7C256,APPLE IPAD MINI 7 WIFI+CELLULAR 256 GB
iPad mini 7 256GB WiFi สีสตาร์ไลท์,TIKTOK,IPDM7W256,APPLE IPAD MINI 7 WIFI 256 GB
iPad mini 7 256GB Cellular สีสตาร์ไลท์,TIKTOK,IPDM7C256,APPLE IPAD MINI 7 WIFI+CELLULAR 256 GB
iPad GEN 9 Space Gray  64GB  Wi-Fi,TIKTOK,IPDG9W64,APPLE IPAD GEN 9 WIFI 64 GB
iPad GEN 9 Space Gray  64GB  Wi-Fi+Cellular,TIKTOK,IPDG9C64,APPLE IPAD GEN 9 WIFI+CELLULAR 64 GB
iPad GEN 9 Space Gray  256GB  Wi-Fi,TIKTOK,IPDG9W256,APPLE IPAD GEN 9 WIFI 256 GB
iPad GEN 9 Space Gray  256GB  Wi-Fi+Cellular,TIKTOK,IPDG9C256,APPLE IPAD GEN 9 WIFI+CELLULAR 256 GB
iPad GEN 9 Silver  64GB  Wi-Fi,TIKTOK,IPDG9W64,APPLE IPAD GEN 9 WIFI 64 GB
iPad GEN 9 Silver  64GB  Wi-Fi+Cellular,TIKTOK,IPDG9C64,APPLE IPAD GEN 9 WIFI+CELLULAR 64 GB
iPad GEN 9 Silver  256GB  Wi-Fi,TIKTOK,IPDG9W256,APPLE IPAD GEN 9 WIFI 256 GB
iPad GEN 9 Silver  256GB  Wi-Fi+Cellular,TIKTOK,IPDG9C256,APPLE IPAD GEN 9 WIFI+CELLULAR 256 GB
Adapter 20W กล่อง ขากลม,TIKTOK,AD20WC,APPLE ADAPTER 20W USB-C
Adapter 20W กล่อง ขาแบน,TIKTOK,AD20WC,APPLE ADAPTER 20W USB-C
"iPad Pro M4 11"" 256GB Wi-Fi สีเงิน",TIKTOK,IPDPM411W256,"APPLE IPAD PRO M4 11"" WIFI 256 GB"
"iPad Pro M4 11"" 512GB Wi-Fi สีเงิน",TIKTOK,IPDP11W512,"APPLE IPAD PRO 11"" M2 WIFI 512 GB"
"iPad Pro M4 11"" 1 TB Wi-Fi กระจกมาตรฐาน สีเงิน",TIKTOK,IPDPM411W1TB,"APPLE IPAD PRO M4 11"" WIFI 1 TB"
"iPad Pro M4 13"" 256GB Wi-Fi สีเงิน",TIKTOK,IPDPM413W256,"APPLE IPAD PRO M4 13"" WIFI 256 GB"
"iPad Pro M4 13"" 512GB Wi-Fi สีเงิน",TIKTOK,IPDPM413W512,"APPLE IPAD PRO M4 13"" WIFI 512 GB"
"iPad Pro M4 13"" 1 TB Wi-Fi กระจกมาตรฐาน สีเงิน",TIKTOK,IPDPM411W1TB,"APPLE IPAD PRO M4 11"" WIFI 1 TB"
"iPad Pro M4 11"" 256GB Wi-Fi สีดำ",TIKTOK,IPDPM411W256,"APPLE IPAD PRO M4 11"" WIFI 256 GB"
"iPad Pro M4 11"" 512GB Wi-Fi สีดำ",TIKTOK,IPDP11W512,"APPLE IPAD PRO 11"" M2 WIFI 512 GB"
"iPad Pro M4 11"" 1 TB Wi-Fi กระจกมาตรฐาน สีดำ",TIKTOK,IPDPM411W1TB,"APPLE IPAD PRO M4 11"" WIFI 1 TB"
"iPad Pro M4 13"" 256GB Wi-Fi สีดำ",TIKTOK,IPDPM413W256,"APPLE IPAD PRO M4 13"" WIFI 256 GB"
"iPad Pro M4 13"" 512GB Wi-Fi สีดำ",TIKTOK,IPDPM413W512,"APPLE IPAD PRO M4 13"" WIFI 512 GB"
"iPad Pro M4 13"" 1 TB Wi-Fi กระจกมาตรฐาน สีดำ",TIKTOK,IPDPM411W1TB,"APPLE IPAD PRO M4 11"" WIFI 1 TB"
"iPad Pro M4 13"" 2 TB Wi-Fi กระจกมาตรฐาน สีดำ",TIKTOK,MBP8256,"APPLE NEW MACBOOK PRO 13"" M2 8/256"
Pencil USB-C รับประกัน 1 ปี,TIKTOK,P1,APPLE PENCIL 1
13 128GB สีชมพู,TIKTOK,IP13128,APPLE IPHONE 13 128 GB
13 128GB สีบลู,TIKTOK,IP13128,APPLE IPHONE 13 128 GB
13 128GB สีดำ,TIKTOK,IP13128,APPLE IPHONE 13 128 GB
13 128GB สีแดง,TIKTOK,IP13128,APPLE IPHONE 13 128 GB
iPad 10 64GB Wi-Fi สีบลู S,TIKTOK,WS10G42,APPLE WATCH S10 42MM GPS
iPad 10 64GB Wi-Fi สีชมพู S,TIKTOK,WS10G42,APPLE WATCH S10 42MM GPS
iPhone 15 128GB สีบลู No Activate,TIKTOK,IP15128,APPLE IPHONE 15 128 GB
iPhone 15 128GB สีชมพู No Activate,TIKTOK,IP15128,APPLE IPHONE 15 128 GB
iPhone 15 128GB สีเหลือง No Activate,TIKTOK,IP15128,APPLE IPHONE 15 128 GB
iPhone 15 128GB สีเขียว No Activate,TIKTOK,IP15128,APPLE IPHONE 15 128 GB
iPhone 15 128GB สีดำ No Activate,TIKTOK,IP15128,APPLE IPHONE 15 128 GB
AirTag 4 Pack กล่อง 4ชิ้น,TIKTOK,ATP4001,APPLE AIRTAG(PACK4)
iPhone 14 128GB สีเหลือง 1ปี,TIKTOK,IP14128,APPLE IPHONE 14 128 GB
iPhone 14 128GB สีม่วง 1ปี,TIKTOK,IP14128,APPLE IPHONE 14 128 GB
iPhone 14 128GB สีบลู 1ปี,TIKTOK,IP14128,APPLE IPHONE 14 128 GB
iPhone 14 128GB สีดำ 1ปี,TIKTOK,IP14128,APPLE IPHONE 14 128 GB
iPhone 14 128GB สีสตาร์ไลท์ 1ปี,TIKTOK,IP14128,APPLE IPHONE 14 128 GB
iPhone 14 128GB สีแดง 1ปี,TIKTOK,IP14128,APPLE IPHONE 14 128 GB
iPad GEN 9 64GB Silver  Wi-Fi,TIKTOK,IPDG9W64,APPLE IPAD GEN 9 WIFI 64 GB
iPad GEN 9 64GB Silver  Wi-Fi+Cellular,TIKTOK,IPDG9C64,APPLE IPAD GEN 9 WIFI+CELLULAR 64 GB
iPad GEN 9 256GB Silver  Wi-Fi,TIKTOK,IPDG9W256,APPLE IPAD GEN 9 WIFI 256 GB
iPad GEN 9 256GB Silver  Wi-Fi+Cellular,TIKTOK,IPDG9C256,APPLE IPAD GEN 9 WIFI+CELLULAR 256 GB
iPad GEN 9 64GB Space Gray  Wi-Fi,TIKTOK,IPDG9W64,APPLE IPAD GEN 9 WIFI 64 GB
iPad GEN 9 64GB Space Gray  Wi-Fi+Cellular,TIKTOK,IPDG9C64,APPLE IPAD GEN 9 WIFI+CELLULAR 64 GB
iPad GEN 9 256GB Space Gray  Wi-Fi,TIKTOK,IPDG9W256,APPLE IPAD GEN 9 WIFI 256 GB
iPad GEN 9 256GB Space Gray  Wi-Fi+Cellular,TIKTOK,IPDG9C256,APPLE IPAD GEN 9 WIFI+CELLULAR 256 GB
Pencil Pro,TIKTOK,PP,APPLE PENCIL PRO
